Project Name,Package Name,Type Name,MethodName,LOC,CC,PC
.,com.sismics.util,TestUrlUtil,getBaseUriTest,8,1,0
.,com.sismics.util,TestUrlUtil,completeUrlTest,6,1,0
.,com.sismics.util,TestArticleSanitizer,articleSanitizerImageAkeweaTest,15,1,0
.,com.sismics.util,TestArticleSanitizer,articleSanitizerImageDilbertTest,14,1,0
.,com.sismics.util,TestArticleSanitizer,articleSanitizerImageXmlBaseTest,16,1,0
.,com.sismics.util,TestArticleSanitizer,articleSanitizerLinkTest,17,1,0
.,com.sismics.util,TestArticleSanitizer,articleSanitizerIframeVimeoTest,14,1,0
.,com.sismics.util,TestArticleSanitizer,articleSanitizerIframeDailymotionTest,14,1,0
.,com.sismics.util,TestArticleSanitizer,articleSanitizerIframeYoutubeTest,24,1,0
.,com.sismics.util,TestArticleSanitizer,articleSanitizerIframeGoogleMapsTest,11,1,0
.,com.sismics.util,TestArticleSanitizer,articleSanitizerIframeSoundCloudTest,11,1,0
.,com.sismics.util,TestArticleSanitizer,articleSanitizerIframeSlashdotTest,14,1,0
.,com.sismics.util,TestArticleSanitizer,articleSanitizerIframeWhydTest,14,1,0
.,com.sismics.util,TestArticleSanitizer,articleSanitizerIframeBandcampTest,14,1,0
.,com.sismics.util,TestArticleSanitizer,articleSanitizerIframeVineTest,14,1,0
.,com.sismics.util,TestArticleSanitizer,articleSanitizer71Test,15,1,0
.,com.sismics.util,TestArticleSanitizer,articleSanitizer99Test,15,1,0
.,com.sismics.util,TestArticleSanitizer,articleSanitizerMailto,5,1,0
.,com.sismics.util,TestCertUtil,sslFailTest,8,1,0
.,com.sismics.util,TestCertUtil,sslTrustAllCertificateTest,8,1,0
.,com.sismics.util,TestCertUtil,process,3,1,1
.,com.sismics.util,TestTextSanitizer,textSanitizerTest,7,1,0
.,com.sismics.util,TestAdblockUtil,test,6,1,0
.,com.sismics.util,TestDateUtil,guessTimezoneCodeTest,3,1,0
.,com.sismics.util,TestDateUtil,parseDateTest,3,1,0
.,com.sismics.util,TestNetworkUtil,testUpnp,3,1,0
.,com.sismics.util,TestResourceUtil,listFilesTest,10,1,0
.,com.sismics.util,TestResourceUtil,loadResourceFileTest,5,1,0
.,com.sismics.util,UrlUtil,getBaseUri,16,4,2
.,com.sismics.util,UrlUtil,getBaseUri,4,1,1
.,com.sismics.util,UrlUtil,completeUrl,25,6,2
.,com.sismics.util,JsonValidationUtil,validateJsonRequired,5,2,2
.,com.sismics.util,JsonValidationUtil,validateJsonObject,8,3,3
.,com.sismics.util,JsonValidationUtil,validateJsonNumber,8,3,3
.,com.sismics.util,JsonValidationUtil,validateJsonLong,8,3,3
.,com.sismics.util,JsonValidationUtil,validateJsonString,8,3,3
.,com.sismics.util,JsonValidationUtil,validateJsonArray,8,3,3
.,com.sismics.util,LocaleUtil,getLocale,13,3,1
.,com.sismics.util,LocaleUtil,getLocaleIdFromAcceptLanguage,21,5,1
.,com.sismics.util,EnvironmentUtil,isWindows,3,1,0
.,com.sismics.util,EnvironmentUtil,isMacOs,3,1,0
.,com.sismics.util,EnvironmentUtil,isUnix,3,1,0
.,com.sismics.util,EnvironmentUtil,isUnitTest,3,1,0
.,com.sismics.util,EnvironmentUtil,getWindowsAppData,3,1,0
.,com.sismics.util,EnvironmentUtil,getMacOsUserHome,3,1,0
.,com.sismics.util,EnvironmentUtil,getReaderHome,3,1,0
.,com.sismics.util,EnvironmentUtil,getHibernateProperties,3,1,0
.,com.sismics.util,EnvironmentUtil,isApplicationLogEnabled,3,1,0
.,com.sismics.util,EnvironmentUtil,isSslTrustAll,3,1,0
.,com.sismics.util,EnvironmentUtil,isWebappContext,3,1,0
.,com.sismics.util,EnvironmentUtil,setWebappContext,3,1,1
.,com.sismics.util,NetworkUtil,mapTcpPort,22,3,1
.,com.sismics.util,ResourceUtil,list,45,11,3
.,com.sismics.util,ResourceUtil,list,3,1,2
.,com.sismics.util,ResourceUtil,loadPropertiesFromUrl,21,2,1
.,com.sismics.util,HttpUtil,readUrlIntoString,29,4,1
.,com.sismics.util,HttpUtil,postUrl,34,4,2
.,com.sismics.util,AdblockUtil,start,11,1,0
.,com.sismics.util,AdblockUtil,getSubscriptions,15,2,0
.,com.sismics.util,AdblockUtil,getSubscription,7,3,1
.,com.sismics.util,AdblockUtil,setSubscription,10,2,1
.,com.sismics.util,AdblockUtil,refreshSubscription,3,1,0
.,com.sismics.util,AdblockUtil,offerSubscription,24,7,0
.,com.sismics.util,AdblockUtil,verifySubscriptions,3,1,0
.,com.sismics.util,AdblockUtil,matches,3,1,5
.,com.sismics.util,AdblockUtil,startInteractive,4,1,0
.,com.sismics.util,AdblockUtil,stopInteractive,4,1,0
.,com.sismics.util,AdblockUtil,checkLocalePrefixMatch,6,4,1
.,com.sismics.util,DateUtil,guessTimezoneOffset,11,3,1
.,com.sismics.util,DateUtil,parseDate,22,4,2
.,com.sismics.util,MessageUtil,getMessage,11,1,3
.,com.sismics.util,MessageUtil,getMessage,3,1,1
.,com.sismics.util,EnvironmentUtil,isWindows,3,1,0
.,com.sismics.util,EnvironmentUtil,isMacOs,3,1,0
.,com.sismics.util,EnvironmentUtil,isUnix,3,1,0
.,com.sismics.util,EnvironmentUtil,getOsVersion,3,1,0
.,com.sismics.util,EnvironmentUtil,getWindowsAppData,3,1,0
.,com.sismics.util,EnvironmentUtil,getMacOsUserHome,3,1,0
.,com.sismics.util,EnvironmentUtil,getReaderHome,3,1,0
.,com.sismics.util,MessageUtil,getMessage,11,1,2
.,com.sismics.reader,BaseTransactionalTest,setUp,7,1,0
.,com.sismics.reader,BaseTransactionalTest,tearDown,2,1,0
.,com.sismics.reader,MainApplication,onCreate,5,1,0
.,com.sismics.reader,MainApplication,onLowMemory,4,1,0
.,com.sismics.reader,Standalone,main,41,5,1
.,com.sismics.reader.core.dao.file.opml,TestOpmlReader,googleOpmlReaderTest,40,1,0
.,com.sismics.reader.core.dao.file.opml,TestOpmlReader,lifereaOpmlReaderTest,30,1,0
.,com.sismics.reader.core.dao.file.opml,TestOpmlReader,ttrssOpmlReaderTest,37,1,0
.,com.sismics.reader.core.dao.file.opml,Outline,Outline,3,1,0
.,com.sismics.reader.core.dao.file.opml,Outline,getText,3,1,0
.,com.sismics.reader.core.dao.file.opml,Outline,setText,3,1,1
.,com.sismics.reader.core.dao.file.opml,Outline,getTitle,3,1,0
.,com.sismics.reader.core.dao.file.opml,Outline,setTitle,3,1,1
.,com.sismics.reader.core.dao.file.opml,Outline,getType,3,1,0
.,com.sismics.reader.core.dao.file.opml,Outline,setType,3,1,1
.,com.sismics.reader.core.dao.file.opml,Outline,getXmlUrl,3,1,0
.,com.sismics.reader.core.dao.file.opml,Outline,setXmlUrl,3,1,1
.,com.sismics.reader.core.dao.file.opml,Outline,getHtmlUrl,3,1,0
.,com.sismics.reader.core.dao.file.opml,Outline,setHtmlUrl,3,1,1
.,com.sismics.reader.core.dao.file.opml,Outline,getOutlineList,3,1,0
.,com.sismics.reader.core.dao.file.opml,OpmlReader,OpmlReader,4,1,0
.,com.sismics.reader.core.dao.file.opml,OpmlReader,read,7,1,1
.,com.sismics.reader.core.dao.file.opml,OpmlReader,startElement,35,6,4
.,com.sismics.reader.core.dao.file.opml,OpmlReader,endElement,8,2,3
.,com.sismics.reader.core.dao.file.opml,OpmlReader,pushElement,9,3,1
.,com.sismics.reader.core.dao.file.opml,OpmlReader,popElement,11,3,0
.,com.sismics.reader.core.dao.file.opml,OpmlReader,characters,9,2,3
.,com.sismics.reader.core.dao.file.opml,OpmlReader,getOutlineList,3,1,0
.,com.sismics.reader.core.dao.file.opml,OpmlFlattener,flatten,5,1,1
.,com.sismics.reader.core.dao.file.opml,OpmlFlattener,flatten,18,5,3
.,com.sismics.reader.core.dao.file.opml,OpmlFlattener,getPrefix,20,5,2
.,com.sismics.reader.core.dao.file.json,TestStarredReader,init,4,1,0
.,com.sismics.reader.core.dao.file.json,TestStarredReader,starredReaderTest,29,1,0
.,com.sismics.reader.core.dao.file.json,TestStarredReader,onStarredArticleImported,4,1,1
.,com.sismics.reader.core.dao.file.json,StarredReader,read,72,12,1
.,com.sismics.reader.core.dao.file.json,StarredReader,setStarredArticleListener,3,1,1
.,com.sismics.reader.core.dao.file.json,StarredArticleImportedEvent,getFeed,3,1,0
.,com.sismics.reader.core.dao.file.json,StarredArticleImportedEvent,setFeed,3,1,1
.,com.sismics.reader.core.dao.file.json,StarredArticleImportedEvent,getArticle,3,1,0
.,com.sismics.reader.core.dao.file.json,StarredArticleImportedEvent,setArticle,3,1,1
.,com.sismics.reader.core.dao.file.json,StarredArticleImportedEvent,toString,3,1,0
.,com.sismics.reader.core.dao.file.json,StarredArticleImportedListener,onStarredArticleImported,0,1,1
.,com.sismics.reader.core.dao.file.rss,TestRssReader,rssReaderGizmodoTest,21,1,0
.,com.sismics.reader.core.dao.file.rss,TestRssReader,rssReaderApodTest,21,1,0
.,com.sismics.reader.core.dao.file.rss,TestRssReader,rssReaderKorbenTest,28,1,0
.,com.sismics.reader.core.dao.file.rss,TestRssReader,atomReaderPloumTest,21,1,0
.,com.sismics.reader.core.dao.file.rss,TestRssReader,rssReaderRottenTomatoesTest,21,1,0
.,com.sismics.reader.core.dao.file.rss,TestRssReader,rssReaderXkcdTest,21,1,0
.,com.sismics.reader.core.dao.file.rss,TestRssReader,atomReaderXkcdTest,21,1,0
.,com.sismics.reader.core.dao.file.rss,TestRssReader,atomReaderWhatifTest,12,1,0
.,com.sismics.reader.core.dao.file.rss,TestRssReader,rssReaderSpaceTest,21,1,0
.,com.sismics.reader.core.dao.file.rss,TestRssReader,rssReaderEsaTest,19,1,0
.,com.sismics.reader.core.dao.file.rss,TestRssReader,rssReaderLemessagerTest,18,1,0
.,com.sismics.reader.core.dao.file.rss,TestRssReader,atomReaderMakikoTest,18,1,0
.,com.sismics.reader.core.dao.file.rss,TestRssReader,atomReaderMarijnhaverbekeTest,19,1,0
.,com.sismics.reader.core.dao.file.rss,TestRssReader,rssReaderPloumTest,21,1,0
.,com.sismics.reader.core.dao.file.rss,TestRssReader,rssReaderDeveloperWorksTest,21,1,0
.,com.sismics.reader.core.dao.file.rss,TestRssReader,rssReaderSpaceDailyTest,20,1,0
.,com.sismics.reader.core.dao.file.rss,TestRssReader,rssReaderDeveloppezTest,20,1,0
.,com.sismics.reader.core.dao.file.rss,TestRssReader,rssReaderHaverbekeTest,17,1,0
.,com.sismics.reader.core.dao.file.rss,TestRssReader,rssReaderSlackwareTest,17,1,0
.,com.sismics.reader.core.dao.file.rss,TestRssReader,rssReaderMalikiTest,17,1,0
.,com.sismics.reader.core.dao.file.rss,TestRssReader,rssReaderNovaTest,17,1,0
.,com.sismics.reader.core.dao.file.rss,TestRssReader,rdfReaderAutostripTest,19,1,0
.,com.sismics.reader.core.dao.file.rss,TestRssReader,rdfReaderLxerTest,19,1,0
.,com.sismics.reader.core.dao.file.rss,TestRssReader,rdfReaderMeisalamTest,19,1,0
.,com.sismics.reader.core.dao.file.rss,TestRssReader,rdfReaderOatmealTest,19,1,0
.,com.sismics.reader.core.dao.file.rss,TestRssReader,rssReaderIboxTest,19,1,0
.,com.sismics.reader.core.dao.file.rss,TestRssReader,rssReaderBysmeTest,15,1,0
.,com.sismics.reader.core.dao.file.rss,TestRssReader,rssReaderNasaTest,19,1,0
.,com.sismics.reader.core.dao.file.rss,TestRssReader,htmlLeMessagerFailTest,11,1,0
.,com.sismics.reader.core.dao.file.rss,TestRssReader,htmlTooManyRecoveryTest,11,1,0
.,com.sismics.reader.core.dao.file.rss,AtomArticleCommentUrlGuesserStrategy,guess,16,6,1
.,com.sismics.reader.core.dao.file.rss,AtomArticleUrlGuesserStrategy,guess,16,6,1
.,com.sismics.reader.core.dao.file.rss,AtomLink,AtomLink,5,1,3
.,com.sismics.reader.core.dao.file.rss,AtomLink,getRel,3,1,0
.,com.sismics.reader.core.dao.file.rss,AtomLink,setRel,3,1,1
.,com.sismics.reader.core.dao.file.rss,AtomLink,getHref,3,1,0
.,com.sismics.reader.core.dao.file.rss,AtomLink,getType,3,1,0
.,com.sismics.reader.core.dao.file.rss,AtomLink,setType,3,1,1
.,com.sismics.reader.core.dao.file.rss,AtomLink,setHref,3,1,1
.,com.sismics.reader.core.dao.file.rss,RssReader,RssReader,3,1,0
.,com.sismics.reader.core.dao.file.rss,RssReader,readRssFeed,32,4,1
.,com.sismics.reader.core.dao.file.rss,RssReader,startElement,179,45,4
.,com.sismics.reader.core.dao.file.rss,RssReader,endElement,92,28,3
.,com.sismics.reader.core.dao.file.rss,RssReader,initFeed,5,1,0
.,com.sismics.reader.core.dao.file.rss,RssReader,pushElement,9,3,1
.,com.sismics.reader.core.dao.file.rss,RssReader,popElement,11,3,0
.,com.sismics.reader.core.dao.file.rss,RssReader,validateFeed,5,2,0
.,com.sismics.reader.core.dao.file.rss,RssReader,fixGuid,7,3,0
.,com.sismics.reader.core.dao.file.rss,RssReader,characters,9,2,3
.,com.sismics.reader.core.dao.file.rss,RssReader,fatalError,7,2,1
.,com.sismics.reader.core.dao.file.rss,RssReader,getContent,5,1,0
.,com.sismics.reader.core.dao.file.rss,RssReader,getFeed,3,1,0
.,com.sismics.reader.core.dao.file.rss,RssReader,getArticleList,3,1,0
.,com.sismics.reader.core.dao.file.rss,GuidFixer,fixGuid,17,5,1
.,com.sismics.reader.core.dao.file.rss,XmlReader,XmlReader,48,9,2
.,com.sismics.reader.core.dao.file.rss,XmlReader,close,3,1,0
.,com.sismics.reader.core.dao.file.rss,XmlReader,read,3,1,3
.,com.sismics.reader.core.dao.file.rss,AtomUrlGuesserStrategy,guessSiteUrl,16,6,1
.,com.sismics.reader.core.dao.file.rss,AtomUrlGuesserStrategy,guessFeedUrl,11,4,1
.,com.sismics.reader.core.dao.file.html,TestRssExtractor,rssExtractKorbenTest,11,1,0
.,com.sismics.reader.core.dao.file.html,TestRssExtractor,rssExtractXkcdTest,8,1,0
.,com.sismics.reader.core.dao.file.html,TestRssExtractor,rssExtractSpaceTest,6,1,0
.,com.sismics.reader.core.dao.file.html,TestRssExtractor,rssExtractPloumTest,8,1,0
.,com.sismics.reader.core.dao.file.html,TestRssExtractor,rssExtractMakiko,7,1,0
.,com.sismics.reader.core.dao.file.html,TestFaviconDownloader,faviconDownloaderSlashdotTest,11,1,0
.,com.sismics.reader.core.dao.file.html,TestFaviconDownloader,faviconDownloaderBlipTest,11,1,0
.,com.sismics.reader.core.dao.file.html,TestFaviconDownloader,faviconDownloaderLyonUrbainTest,9,1,0
.,com.sismics.reader.core.dao.file.html,TestFaviconDownloader,faviconDownloaderAbstruseGooseTest,7,1,0
.,com.sismics.reader.core.dao.file.html,TestFaviconDownloader,faviconDownloaderDoubleFineTest,10,2,0
.,com.sismics.reader.core.dao.file.html,TestFaviconExtractor,faviconExtractorSismicsTest,11,1,0
.,com.sismics.reader.core.dao.file.html,TestFaviconExtractor,process,4,1,1
.,com.sismics.reader.core.dao.file.html,FeedChooserStrategy,guess,3,1,1
.,com.sismics.reader.core.dao.file.html,FaviconDownloader,downloadFaviconFromPage,37,5,3
.,com.sismics.reader.core.dao.file.html,FaviconDownloader,process,4,1,1
.,com.sismics.reader.core.dao.file.html,FaviconDownloader,getFaviconUrl,14,3,2
.,com.sismics.reader.core.dao.file.html,FaviconDownloader,downloadFavicon,47,7,3
.,com.sismics.reader.core.dao.file.html,FaviconDownloader,process,32,6,1
.,com.sismics.reader.core.dao.file.html,FaviconExtractor,FaviconExtractor,3,1,1
.,com.sismics.reader.core.dao.file.html,FaviconExtractor,readPage,6,1,1
.,com.sismics.reader.core.dao.file.html,FaviconExtractor,startElement,23,5,4
.,com.sismics.reader.core.dao.file.html,FaviconExtractor,getFavicon,3,1,0
.,com.sismics.reader.core.dao.file.html,RssExtractor,RssExtractor,4,1,1
.,com.sismics.reader.core.dao.file.html,RssExtractor,readPage,6,1,1
.,com.sismics.reader.core.dao.file.html,RssExtractor,startElement,21,5,4
.,com.sismics.reader.core.dao.file.html,RssExtractor,getFeedList,3,1,0
.,com.sismics.reader.core.dao.jpa,TestJpa,testJpa,13,1,0
.,com.sismics.reader.core.dao.jpa,FeedSubscriptionDao,getQueryParam,31,7,2
.,com.sismics.reader.core.dao.jpa,FeedSubscriptionDao,create,7,1,1
.,com.sismics.reader.core.dao.jpa,FeedSubscriptionDao,update,9,1,1
.,com.sismics.reader.core.dao.jpa,FeedSubscriptionDao,updateUnreadCount,4,1,2
.,com.sismics.reader.core.dao.jpa,FeedSubscriptionDao,reorder,16,4,2
.,com.sismics.reader.core.dao.jpa,FeedSubscriptionDao,delete,6,1,1
.,com.sismics.reader.core.dao.jpa,FeedSubscriptionDao,getFeedSubscription,10,1,2
.,com.sismics.reader.core.dao.jpa,FeedSubscriptionDao,findByCategory,5,1,1
.,com.sismics.reader.core.dao.jpa,FeedSubscriptionDao,getCategoryCount,5,1,2
.,com.sismics.reader.core.dao.jpa,FeedDao,getQueryParam,22,4,2
.,com.sismics.reader.core.dao.jpa,FeedDao,create,7,1,1
.,com.sismics.reader.core.dao.jpa,FeedDao,delete,6,1,1
.,com.sismics.reader.core.dao.jpa,FeedDao,getByRssUrl,10,1,1
.,com.sismics.reader.core.dao.jpa,FeedDao,update,12,1,1
.,com.sismics.reader.core.dao.jpa,CategoryDao,create,7,1,1
.,com.sismics.reader.core.dao.jpa,CategoryDao,update,9,1,1
.,com.sismics.reader.core.dao.jpa,CategoryDao,reorder,16,4,2
.,com.sismics.reader.core.dao.jpa,CategoryDao,delete,6,1,1
.,com.sismics.reader.core.dao.jpa,CategoryDao,getRootCategory,5,1,1
.,com.sismics.reader.core.dao.jpa,CategoryDao,getCategory,5,1,2
.,com.sismics.reader.core.dao.jpa,CategoryDao,getCategoryCount,5,1,2
.,com.sismics.reader.core.dao.jpa,CategoryDao,findAllCategory,5,1,1
.,com.sismics.reader.core.dao.jpa,CategoryDao,findSubCategory,5,1,2
.,com.sismics.reader.core.dao.jpa,UserArticleDao,getQueryParam,82,17,2
.,com.sismics.reader.core.dao.jpa,UserArticleDao,create,7,1,1
.,com.sismics.reader.core.dao.jpa,UserArticleDao,update,8,1,1
.,com.sismics.reader.core.dao.jpa,UserArticleDao,markAsRead,26,6,1
.,com.sismics.reader.core.dao.jpa,UserArticleDao,delete,6,1,1
.,com.sismics.reader.core.dao.jpa,UserArticleDao,getUserArticle,10,1,2
.,com.sismics.reader.core.dao.jpa,ConfigDao,getById,12,2,1
.,com.sismics.reader.core.dao.jpa,UserDao,getQueryParam,7,1,2
.,com.sismics.reader.core.dao.jpa,UserDao,authenticate,14,2,2
.,com.sismics.reader.core.dao.jpa,UserDao,create,14,2,1
.,com.sismics.reader.core.dao.jpa,UserDao,update,14,1,1
.,com.sismics.reader.core.dao.jpa,UserDao,updatePassword,7,1,1
.,com.sismics.reader.core.dao.jpa,UserDao,getById,9,1,1
.,com.sismics.reader.core.dao.jpa,UserDao,getActiveByUsername,10,1,1
.,com.sismics.reader.core.dao.jpa,UserDao,getActiveByPasswordResetKey,10,1,1
.,com.sismics.reader.core.dao.jpa,UserDao,delete,10,1,1
.,com.sismics.reader.core.dao.jpa,UserDao,hashPassword,3,1,1
.,com.sismics.reader.core.dao.jpa,JobEventDao,getQueryParam,12,2,2
.,com.sismics.reader.core.dao.jpa,JobEventDao,create,7,1,1
.,com.sismics.reader.core.dao.jpa,JobEventDao,delete,6,1,1
.,com.sismics.reader.core.dao.jpa,FeedSynchronizationDao,create,7,1,1
.,com.sismics.reader.core.dao.jpa,FeedSynchronizationDao,deleteOldFeedSynchronization,4,1,2
.,com.sismics.reader.core.dao.jpa,FeedSynchronizationDao,findByFeedId,4,1,1
.,com.sismics.reader.core.dao.jpa,ArticleDao,getQueryParam,32,7,2
.,com.sismics.reader.core.dao.jpa,ArticleDao,create,14,3,1
.,com.sismics.reader.core.dao.jpa,ArticleDao,update,12,3,1
.,com.sismics.reader.core.dao.jpa,ArticleDao,findAll,5,1,0
.,com.sismics.reader.core.dao.jpa,ArticleDao,delete,6,1,1
.,com.sismics.reader.core.dao.jpa,JobDao,getQueryParam,12,2,2
.,com.sismics.reader.core.dao.jpa,JobDao,create,7,1,1
.,com.sismics.reader.core.dao.jpa,JobDao,getActiveJob,10,1,1
.,com.sismics.reader.core.dao.jpa,JobDao,delete,6,1,1
.,com.sismics.reader.core.dao.jpa,JobDao,update,8,1,1
.,com.sismics.reader.core.dao.jpa,LocaleDao,getById,9,1,1
.,com.sismics.reader.core.dao.jpa,LocaleDao,findAll,5,1,0
.,com.sismics.reader.core.dao.jpa,RoleBaseFunctionDao,findByRoleId,6,1,1
.,com.sismics.reader.core.dao.jpa,AuthenticationTokenDao,get,4,1,1
.,com.sismics.reader.core.dao.jpa,AuthenticationTokenDao,create,7,1,1
.,com.sismics.reader.core.dao.jpa,AuthenticationTokenDao,delete,10,2,1
.,com.sismics.reader.core.dao.jpa,AuthenticationTokenDao,deleteOldSessionToken,7,1,1
.,com.sismics.reader.core.dao.jpa,AuthenticationTokenDao,updateLastConnectionDate,7,1,1
.,com.sismics.util.adblock,SubscriptionParser,SubscriptionParser,4,1,1
.,com.sismics.util.adblock,SubscriptionParser,startElement,16,3,4
.,com.sismics.util.adblock,SubscriptionParser,endElement,9,3,3
.,com.sismics.util.adblock,JSEngine,JSEngine,4,1,0
.,com.sismics.util.adblock,JSEngine,evaluate,3,1,1
.,com.sismics.util.adblock,JSEngine,put,3,1,2
.,com.sismics.util.adblock,Helper,Helper,3,1,1
.,com.sismics.util.adblock,Helper,log,3,1,1
.,com.sismics.util.adblock,Helper,load,4,1,1
.,com.sismics.util.adblock,Helper,fileExists,4,1,1
.,com.sismics.util.adblock,Helper,canAutoupdate,3,1,0
.,com.sismics.util.adblock,Helper,timerTask,8,1,1
.,com.sismics.util.adblock,Helper,run,3,1,0
.,com.sismics.util.context,ThreadLocalContext,ThreadLocalContext,2,1,0
.,com.sismics.util.context,ThreadLocalContext,get,8,2,0
.,com.sismics.util.context,ThreadLocalContext,cleanup,3,1,0
.,com.sismics.util.context,ThreadLocalContext,isInTransactionalContext,3,1,0
.,com.sismics.util.context,ThreadLocalContext,getEntityManager,3,1,0
.,com.sismics.util.context,ThreadLocalContext,setEntityManager,3,1,1
.,com.sismics.util.mime,MimeTypeUtil,guessMimeType,33,8,1
.,com.sismics.util.cert,CertUtil,testSsl,33,4,2
.,com.sismics.util.cert,CertUtil,getTrustAllSocketFactory,11,1,0
.,com.sismics.util.cert,TrustAllManager,checkClientTrusted,2,1,2
.,com.sismics.util.cert,TrustAllManager,checkServerTrusted,2,1,2
.,com.sismics.util.cert,TrustAllManager,getAcceptedIssuers,3,1,0
.,com.sismics.util.log4j,MemoryAppender,requiresLayout,3,1,0
.,com.sismics.util.log4j,MemoryAppender,close,6,2,0
.,com.sismics.util.log4j,MemoryAppender,append,12,3,1
.,com.sismics.util.log4j,MemoryAppender,getLoggerName,4,1,1
.,com.sismics.util.log4j,MemoryAppender,getLogList,3,1,0
.,com.sismics.util.log4j,MemoryAppender,setSize,3,1,1
.,com.sismics.util.log4j,MemoryAppender,find,25,5,2
.,com.sismics.util.log4j,LogCriteria,getLevel,3,1,0
.,com.sismics.util.log4j,LogCriteria,setLevel,4,1,1
.,com.sismics.util.log4j,LogCriteria,getTag,3,1,0
.,com.sismics.util.log4j,LogCriteria,setTag,4,1,1
.,com.sismics.util.log4j,LogCriteria,getMessage,3,1,0
.,com.sismics.util.log4j,LogCriteria,setMessage,4,1,1
.,com.sismics.util.log4j,LogEntry,LogEntry,6,1,4
.,com.sismics.util.log4j,LogEntry,getTimestamp,3,1,0
.,com.sismics.util.log4j,LogEntry,getLevel,3,1,0
.,com.sismics.util.log4j,LogEntry,getTag,3,1,0
.,com.sismics.util.log4j,LogEntry,getMessage,3,1,0
.,com.sismics.util.jpa,ManagedProviderConnectionHelper,ManagedProviderConnectionHelper,3,1,1
.,com.sismics.util.jpa,ManagedProviderConnectionHelper,prepare,8,2,1
.,com.sismics.util.jpa,ManagedProviderConnectionHelper,createServiceRegistry,5,1,1
.,com.sismics.util.jpa,ManagedProviderConnectionHelper,getConnection,3,1,0
.,com.sismics.util.jpa,ManagedProviderConnectionHelper,release,8,1,0
.,com.sismics.util.jpa,ManagedProviderConnectionHelper,releaseConnection,15,2,0
.,com.sismics.util.jpa,ManagedProviderConnectionHelper,releaseServiceRegistry,10,2,0
.,com.sismics.util.jpa,QueryParam,QueryParam,9,1,7
.,com.sismics.util.jpa,QueryParam,QueryParam,3,1,6
.,com.sismics.util.jpa,QueryParam,getQueryString,3,1,0
.,com.sismics.util.jpa,QueryParam,setQueryString,3,1,1
.,com.sismics.util.jpa,QueryParam,getSortCriteria,3,1,0
.,com.sismics.util.jpa,QueryParam,getCriteriaList,3,1,0
.,com.sismics.util.jpa,QueryParam,getParameterMap,3,1,0
.,com.sismics.util.jpa,QueryParam,getFilterCriteria,3,1,0
.,com.sismics.util.jpa,QueryParam,getGroupByList,3,1,0
.,com.sismics.util.jpa,QueryParam,getResultMapper,3,1,0
.,com.sismics.util.jpa,QueryParam,setSortCriteria,3,1,1
.,com.sismics.util.jpa,EMF,onCreate,3,1,0
.,com.sismics.util.jpa,EMF,onUpgrade,5,2,2
.,com.sismics.util.jpa,EMF,getEntityManagerProperties,20,3,0
.,com.sismics.util.jpa,EMF,getEntityManagerPropertiesFromEnvironment,15,1,0
.,com.sismics.util.jpa,EMF,EMF,2,1,0
.,com.sismics.util.jpa,EMF,get,3,1,0
.,com.sismics.util.jpa,EMF,isDriverHsql,4,1,0
.,com.sismics.util.jpa,EMF,isDriverPostgresql,4,1,0
.,com.sismics.util.jpa,EMF,getDriver,3,1,0
.,com.sismics.util.jpa,BaseDao,findByCriteria,3,1,4
.,com.sismics.util.jpa,BaseDao,findByCriteria,7,2,3
.,com.sismics.util.jpa,BaseDao,findByCriteria,3,1,1
.,com.sismics.util.jpa,BaseDao,findFirstByCriteria,4,1,1
.,com.sismics.util.jpa,BaseDao,getQueryParam,0,1,2
.,com.sismics.util.jpa,ResultMapper,map,0,1,1
.,com.sismics.util.jpa,ResultMapper,map,7,2,1
.,com.sismics.util.jpa,ResultMapper,characterValue,6,2,1
.,com.sismics.util.jpa,ResultMapper,characterValueAsString,4,1,1
.,com.sismics.util.jpa,ResultMapper,stringValue,12,4,1
.,com.sismics.util.jpa,ResultMapper,booleanValue,3,1,1
.,com.sismics.util.jpa,ResultMapper,intValue,3,1,1
.,com.sismics.util.jpa,ResultMapper,longValue,3,1,1
.,com.sismics.util.jpa,ResultMapper,floatValue,3,1,1
.,com.sismics.util.jpa,ResultMapper,doubleValue,3,1,1
.,com.sismics.util.jpa,ResultMapper,bigDecimalValue,3,1,1
.,com.sismics.util.jpa,ResultMapper,dateValue,3,1,1
.,com.sismics.util.jpa,ResultMapper,getString,11,1,1
.,com.sismics.util.jpa,ResultMapper,arrayValue,3,1,1
.,com.sismics.util.jpa,DbOpenHelper,DbOpenHelper,6,1,1
.,com.sismics.util.jpa,DbOpenHelper,open,67,6,0
.,com.sismics.util.jpa,DbOpenHelper,executeAllScript,21,5,1
.,com.sismics.util.jpa,DbOpenHelper,executeScript,27,6,1
.,com.sismics.util.jpa,DbOpenHelper,onCreate,0,1,0
.,com.sismics.util.jpa,DbOpenHelper,onUpgrade,0,1,2
.,com.sismics.util.jpa,DbOpenHelper,getExceptions,3,1,0
.,com.sismics.util.jpa,DbOpenHelper,setHaltOnError,3,1,1
.,com.sismics.util.jpa,DbOpenHelper,setFormat,3,1,1
.,com.sismics.util.jpa,SuppliedConnectionProviderConnectionHelper,SuppliedConnectionProviderConnectionHelper,3,1,1
.,com.sismics.util.jpa,SuppliedConnectionProviderConnectionHelper,prepare,12,2,1
.,com.sismics.util.jpa,SuppliedConnectionProviderConnectionHelper,getConnection,3,1,0
.,com.sismics.util.jpa,SuppliedConnectionProviderConnectionHelper,release,10,3,0
.,com.sismics.util.jpa,SessionUtil,SessionUtil,2,1,0
.,com.sismics.util.jpa,SessionUtil,getCurrentSession,4,1,0
.,com.sismics.util.jpa,DialectUtil,isObjectNotFound,3,1,1
.,com.sismics.util.jpa,DialectUtil,transform,6,2,1
.,com.sismics.util.jpa,DialectUtil,transformToPostgresql,8,1,1
.,com.sismics.util.jpa,DialectUtil,getDateDiff,11,3,3
.,com.sismics.util.jpa,DialectUtil,getTimeStamp,11,3,1
.,com.sismics.util.jpa,DialectUtil,getNullParameter,8,2,2
.,com.sismics.util.jpa.filter,FilterColumn,FilterColumn,4,1,2
.,com.sismics.util.jpa.filter,FilterColumn,getColumn,3,1,0
.,com.sismics.util.jpa.filter,FilterColumn,getFilter,3,1,0
.,com.sismics.util.jpa.filter,FilterColumn,getPredicate,0,1,0
.,com.sismics.util.jpa.filter,FilterColumn,getParamValue,0,1,0
.,com.sismics.util.jpa.filter,FilterColumn,getParamName,3,1,0
.,com.sismics.util.jpa.filter,FilterColumn,hasParam,3,1,0
.,com.sismics.util.jpa.filter,FilterCriteria,FilterCriteria,3,1,1
.,com.sismics.util.jpa.filter,FilterCriteria,getFilterColumnList,3,1,0
.,com.sismics.reader.core.util,UserUtil,getUserName,3,1,1
.,com.sismics.reader.core.util,TransactionUtil,handle,48,6,1
.,com.sismics.reader.core.util,TransactionUtil,commit,5,1,0
.,com.sismics.reader.core.util,LuceneUtil,handle,38,2,1
.,com.sismics.reader.core.util,LuceneUtil,run,0,1,1
.,com.sismics.reader.core.util,LuceneRunnable,run,0,1,1
.,com.sismics.reader.core.util,StreamUtil,detectGzip,12,2,1
.,com.sismics.reader.core.util,ConfigUtil,getConfigStringValue,8,2,1
.,com.sismics.reader.core.util,ConfigUtil,getConfigBundle,3,1,0
.,com.sismics.reader.core.util,ConfigUtil,getConfigIntegerValue,4,1,1
.,com.sismics.reader.core.util,ConfigUtil,getConfigBooleanValue,4,1,1
.,com.sismics.reader.core.util,EntityManagerUtil,flush,3,1,0
.,com.sismics.reader.core.util,DirectoryUtil,getBaseDataDirectory,26,8,0
.,com.sismics.reader.core.util,DirectoryUtil,getDbDirectory,3,1,0
.,com.sismics.reader.core.util,DirectoryUtil,getFaviconDirectory,3,1,0
.,com.sismics.reader.core.util,DirectoryUtil,getLuceneDirectory,3,1,0
.,com.sismics.reader.core.util,DirectoryUtil,getLogDirectory,3,1,0
.,com.sismics.reader.core.util,DirectoryUtil,getDataSubDirectory,8,2,1
.,com.sismics.reader.core.util.http,ReaderHttpClient,open,25,3,1
.,com.sismics.reader.core.util.http,ReaderHttpClient,buildHttpConnection,10,2,1
.,com.sismics.reader.core.util.http,ReaderHttpClient,process,0,1,1
.,com.sismics.reader.core.util.http,ReaderHttpClient,setTimeout,3,1,1
.,com.sismics.reader.core.util.sanitizer,TextSanitizer,sanitize,4,1,1
.,com.sismics.reader.core.util.sanitizer,ArticleSanitizer,sanitize,58,10,2
.,com.sismics.reader.core.util.sanitizer,ArticleSanitizer,apply,11,2,3
.,com.sismics.reader.core.util.sanitizer,ArticleSanitizer,apply,26,9,3
.,com.sismics.reader.core.util.sanitizer,ArticleSanitizer,apply,5,1,2
.,com.sismics.reader.core.util.jpa,PaginatedList,PaginatedList,4,1,2
.,com.sismics.reader.core.util.jpa,PaginatedList,getResultCount,3,1,0
.,com.sismics.reader.core.util.jpa,PaginatedList,setResultCount,3,1,1
.,com.sismics.reader.core.util.jpa,PaginatedList,getResultList,3,1,0
.,com.sismics.reader.core.util.jpa,PaginatedList,setResultList,3,1,1
.,com.sismics.reader.core.util.jpa,PaginatedList,getLimit,3,1,0
.,com.sismics.reader.core.util.jpa,PaginatedList,getOffset,3,1,0
.,com.sismics.reader.core.util.jpa,PaginatedLists,create,15,5,2
.,com.sismics.reader.core.util.jpa,PaginatedLists,create,3,1,0
.,com.sismics.reader.core.util.jpa,PaginatedLists,executeQuery,17,3,1
.,com.sismics.reader.core.util.jpa,PaginatedLists,getQueryString,18,5,1
.,com.sismics.reader.core.util.jpa,PaginatedLists,executeCountQuery,8,1,2
.,com.sismics.reader.core.util.jpa,PaginatedLists,getNativeCountQuery,3,1,1
.,com.sismics.reader.core.util.jpa,PaginatedLists,executeResultQuery,19,3,2
.,com.sismics.reader.core.util.jpa,PaginatedLists,executePaginatedQuery,7,2,3
.,com.sismics.reader.core.util.jpa,PaginatedLists,getOrderByClause,9,2,1
.,com.sismics.reader.core.util.jpa,PaginatedLists,mapQueryParam,5,2,2
.,com.sismics.reader.core.util.jpa,PaginatedLists,mapFilterColumn,9,4,2
.,com.sismics.reader.core.util.jpa,SortCriteria,SortCriteria,3,1,1
.,com.sismics.reader.core.util.jpa,SortCriteria,SortCriteria,8,3,2
.,com.sismics.reader.core.util.jpa,SortCriteria,getSortQuery,3,1,0
.,com.sismics.reader.core.util.jpa,SortCriteria,getColumn,3,1,0
.,com.sismics.reader.core.util.jpa,SortCriteria,isAsc,3,1,0
.,com.sismics.reader.core.dao.lucene,ReaderStandardAnalyzer,ReaderStandardAnalyzer,3,1,2
.,com.sismics.reader.core.dao.lucene,ReaderStandardAnalyzer,ReaderStandardAnalyzer,3,1,1
.,com.sismics.reader.core.dao.lucene,ReaderStandardAnalyzer,ReaderStandardAnalyzer,3,1,2
.,com.sismics.reader.core.dao.lucene,ReaderStandardAnalyzer,setMaxTokenLength,3,1,1
.,com.sismics.reader.core.dao.lucene,ReaderStandardAnalyzer,getMaxTokenLength,3,1,0
.,com.sismics.reader.core.dao.lucene,ReaderStandardAnalyzer,createComponents,14,1,2
.,com.sismics.reader.core.dao.lucene,ReaderStandardAnalyzer,setReader,4,1,1
.,com.sismics.reader.core.dao.lucene,ReaderStandardAnalyzer,initReader,6,2,2
.,com.sismics.reader.core.dao.lucene,ArticleDao,rebuildIndex,10,2,1
.,com.sismics.reader.core.dao.lucene,ArticleDao,create,9,2,1
.,com.sismics.reader.core.dao.lucene,ArticleDao,update,9,2,1
.,com.sismics.reader.core.dao.lucene,ArticleDao,delete,8,2,1
.,com.sismics.reader.core.dao.lucene,ArticleDao,search,60,6,2
.,com.sismics.reader.core.dao.lucene,ArticleDao,format,19,4,2
.,com.sismics.reader.core.dao.lucene,ArticleDao,getDocumentFromArticle,11,1,1
.,com.sismics.reader.core.dao.jpa.criteria,JobEventCriteria,getJobId,3,1,0
.,com.sismics.reader.core.dao.jpa.criteria,JobEventCriteria,setJobId,4,1,1
.,com.sismics.reader.core.dao.jpa.criteria,UserArticleCriteria,getUserId,3,1,0
.,com.sismics.reader.core.dao.jpa.criteria,UserArticleCriteria,setUserId,4,1,1
.,com.sismics.reader.core.dao.jpa.criteria,UserArticleCriteria,getFeedId,3,1,0
.,com.sismics.reader.core.dao.jpa.criteria,UserArticleCriteria,setFeedId,4,1,1
.,com.sismics.reader.core.dao.jpa.criteria,UserArticleCriteria,isVisible,3,1,0
.,com.sismics.reader.core.dao.jpa.criteria,UserArticleCriteria,setVisible,4,1,1
.,com.sismics.reader.core.dao.jpa.criteria,UserArticleCriteria,isSubscribed,3,1,0
.,com.sismics.reader.core.dao.jpa.criteria,UserArticleCriteria,setSubscribed,4,1,1
.,com.sismics.reader.core.dao.jpa.criteria,UserArticleCriteria,getFeedSubscriptionId,3,1,0
.,com.sismics.reader.core.dao.jpa.criteria,UserArticleCriteria,setFeedSubscriptionId,4,1,1
.,com.sismics.reader.core.dao.jpa.criteria,UserArticleCriteria,isUnread,3,1,0
.,com.sismics.reader.core.dao.jpa.criteria,UserArticleCriteria,setUnread,4,1,1
.,com.sismics.reader.core.dao.jpa.criteria,UserArticleCriteria,getCategoryId,3,1,0
.,com.sismics.reader.core.dao.jpa.criteria,UserArticleCriteria,setCategoryId,4,1,1
.,com.sismics.reader.core.dao.jpa.criteria,UserArticleCriteria,isStarred,3,1,0
.,com.sismics.reader.core.dao.jpa.criteria,UserArticleCriteria,setStarred,4,1,1
.,com.sismics.reader.core.dao.jpa.criteria,UserArticleCriteria,getArticleId,3,1,0
.,com.sismics.reader.core.dao.jpa.criteria,UserArticleCriteria,setArticleId,4,1,1
.,com.sismics.reader.core.dao.jpa.criteria,UserArticleCriteria,getArticleIdIn,3,1,0
.,com.sismics.reader.core.dao.jpa.criteria,UserArticleCriteria,setArticleIdIn,4,1,1
.,com.sismics.reader.core.dao.jpa.criteria,UserArticleCriteria,getUserArticleId,3,1,0
.,com.sismics.reader.core.dao.jpa.criteria,UserArticleCriteria,setUserArticleId,4,1,1
.,com.sismics.reader.core.dao.jpa.criteria,UserArticleCriteria,getArticlePublicationDateMax,3,1,0
.,com.sismics.reader.core.dao.jpa.criteria,UserArticleCriteria,setArticlePublicationDateMax,4,1,1
.,com.sismics.reader.core.dao.jpa.criteria,UserArticleCriteria,getUserArticleStarredDateMax,3,1,0
.,com.sismics.reader.core.dao.jpa.criteria,UserArticleCriteria,setUserArticleStarredDateMax,4,1,1
.,com.sismics.reader.core.dao.jpa.criteria,UserArticleCriteria,getArticleIdMax,3,1,0
.,com.sismics.reader.core.dao.jpa.criteria,UserArticleCriteria,setArticleIdMax,4,1,1
.,com.sismics.reader.core.dao.jpa.criteria,UserArticleCriteria,getUserArticleIdMax,3,1,0
.,com.sismics.reader.core.dao.jpa.criteria,UserArticleCriteria,setUserArticleIdMax,4,1,1
.,com.sismics.reader.core.dao.jpa.criteria,UserArticleCriteria,isFetchAllFeedSubscription,3,1,0
.,com.sismics.reader.core.dao.jpa.criteria,UserArticleCriteria,setFetchAllFeedSubscription,4,1,1
.,com.sismics.reader.core.dao.jpa.criteria,JobCriteria,getUserId,3,1,0
.,com.sismics.reader.core.dao.jpa.criteria,JobCriteria,setUserId,4,1,1
.,com.sismics.reader.core.dao.jpa.criteria,ArticleCriteria,getId,3,1,0
.,com.sismics.reader.core.dao.jpa.criteria,ArticleCriteria,setId,4,1,1
.,com.sismics.reader.core.dao.jpa.criteria,ArticleCriteria,getGuidIn,3,1,0
.,com.sismics.reader.core.dao.jpa.criteria,ArticleCriteria,setGuidIn,4,1,1
.,com.sismics.reader.core.dao.jpa.criteria,ArticleCriteria,getTitle,3,1,0
.,com.sismics.reader.core.dao.jpa.criteria,ArticleCriteria,setTitle,4,1,1
.,com.sismics.reader.core.dao.jpa.criteria,ArticleCriteria,getUrl,3,1,0
.,com.sismics.reader.core.dao.jpa.criteria,ArticleCriteria,setUrl,4,1,1
.,com.sismics.reader.core.dao.jpa.criteria,ArticleCriteria,getPublicationDateMin,3,1,0
.,com.sismics.reader.core.dao.jpa.criteria,ArticleCriteria,setPublicationDateMin,4,1,1
.,com.sismics.reader.core.dao.jpa.criteria,ArticleCriteria,getFeedId,3,1,0
.,com.sismics.reader.core.dao.jpa.criteria,ArticleCriteria,setFeedId,4,1,1
.,com.sismics.reader.core.dao.jpa.criteria,FeedSubscriptionCriteria,getId,3,1,0
.,com.sismics.reader.core.dao.jpa.criteria,FeedSubscriptionCriteria,setId,4,1,1
.,com.sismics.reader.core.dao.jpa.criteria,FeedSubscriptionCriteria,getUserId,3,1,0
.,com.sismics.reader.core.dao.jpa.criteria,FeedSubscriptionCriteria,setUserId,4,1,1
.,com.sismics.reader.core.dao.jpa.criteria,FeedSubscriptionCriteria,getFeedId,3,1,0
.,com.sismics.reader.core.dao.jpa.criteria,FeedSubscriptionCriteria,setFeedId,4,1,1
.,com.sismics.reader.core.dao.jpa.criteria,FeedSubscriptionCriteria,getCategoryId,3,1,0
.,com.sismics.reader.core.dao.jpa.criteria,FeedSubscriptionCriteria,setCategoryId,4,1,1
.,com.sismics.reader.core.dao.jpa.criteria,FeedSubscriptionCriteria,getFeedUrl,3,1,0
.,com.sismics.reader.core.dao.jpa.criteria,FeedSubscriptionCriteria,setFeedUrl,4,1,1
.,com.sismics.reader.core.dao.jpa.criteria,FeedSubscriptionCriteria,isUnread,3,1,0
.,com.sismics.reader.core.dao.jpa.criteria,FeedSubscriptionCriteria,setUnread,4,1,1
.,com.sismics.reader.core.dao.jpa.criteria,FeedCriteria,getFeedUrl,3,1,0
.,com.sismics.reader.core.dao.jpa.criteria,FeedCriteria,setFeedUrl,4,1,1
.,com.sismics.reader.core.dao.jpa.criteria,FeedCriteria,isWithUserSubscription,3,1,0
.,com.sismics.reader.core.dao.jpa.criteria,FeedCriteria,setWithUserSubscription,4,1,1
.,com.sismics.reader.core.dao.jpa.mapper,UserMapper,map,10,1,1
.,com.sismics.reader.core.dao.jpa.mapper,FeedMapper,map,7,1,1
.,com.sismics.reader.core.dao.jpa.mapper,ArticleMapper,map,19,1,1
.,com.sismics.reader.core.dao.jpa.mapper,JobMapper,map,20,4,1
.,com.sismics.reader.core.dao.jpa.mapper,FeedSubscriptionMapper,map,23,1,1
.,com.sismics.reader.core.dao.jpa.mapper,UserArticleMapper,map,29,3,1
.,com.sismics.reader.core.dao.jpa.mapper,JobEventMapper,map,8,1,1
.,com.sismics.reader.core.dao.jpa.dto,JobEventDto,getId,3,1,0
.,com.sismics.reader.core.dao.jpa.dto,JobEventDto,setId,3,1,1
.,com.sismics.reader.core.dao.jpa.dto,JobEventDto,getName,3,1,0
.,com.sismics.reader.core.dao.jpa.dto,JobEventDto,setName,3,1,1
.,com.sismics.reader.core.dao.jpa.dto,JobEventDto,getValue,3,1,0
.,com.sismics.reader.core.dao.jpa.dto,JobEventDto,setValue,3,1,1
.,com.sismics.reader.core.dao.jpa.dto,UserDto,getId,3,1,0
.,com.sismics.reader.core.dao.jpa.dto,UserDto,setId,3,1,1
.,com.sismics.reader.core.dao.jpa.dto,UserDto,getLocaleId,3,1,0
.,com.sismics.reader.core.dao.jpa.dto,UserDto,setLocaleId,3,1,1
.,com.sismics.reader.core.dao.jpa.dto,UserDto,getUsername,3,1,0
.,com.sismics.reader.core.dao.jpa.dto,UserDto,setUsername,3,1,1
.,com.sismics.reader.core.dao.jpa.dto,UserDto,getEmail,3,1,0
.,com.sismics.reader.core.dao.jpa.dto,UserDto,setEmail,3,1,1
.,com.sismics.reader.core.dao.jpa.dto,UserDto,getCreateTimestamp,3,1,0
.,com.sismics.reader.core.dao.jpa.dto,UserDto,setCreateTimestamp,3,1,1
.,com.sismics.reader.core.dao.jpa.dto,UserArticleDto,getId,3,1,0
.,com.sismics.reader.core.dao.jpa.dto,UserArticleDto,setId,3,1,1
.,com.sismics.reader.core.dao.jpa.dto,UserArticleDto,getReadTimestamp,3,1,0
.,com.sismics.reader.core.dao.jpa.dto,UserArticleDto,setReadTimestamp,3,1,1
.,com.sismics.reader.core.dao.jpa.dto,UserArticleDto,getStarTimestamp,3,1,0
.,com.sismics.reader.core.dao.jpa.dto,UserArticleDto,setStarTimestamp,3,1,1
.,com.sismics.reader.core.dao.jpa.dto,UserArticleDto,getFeedTitle,3,1,0
.,com.sismics.reader.core.dao.jpa.dto,UserArticleDto,setFeedTitle,3,1,1
.,com.sismics.reader.core.dao.jpa.dto,UserArticleDto,getFeedSubscriptionId,3,1,0
.,com.sismics.reader.core.dao.jpa.dto,UserArticleDto,setFeedSubscriptionId,3,1,1
.,com.sismics.reader.core.dao.jpa.dto,UserArticleDto,getFeedSubscriptionTitle,3,1,0
.,com.sismics.reader.core.dao.jpa.dto,UserArticleDto,setFeedSubscriptionTitle,3,1,1
.,com.sismics.reader.core.dao.jpa.dto,UserArticleDto,getArticleId,3,1,0
.,com.sismics.reader.core.dao.jpa.dto,UserArticleDto,setArticleId,3,1,1
.,com.sismics.reader.core.dao.jpa.dto,UserArticleDto,getArticleUrl,3,1,0
.,com.sismics.reader.core.dao.jpa.dto,UserArticleDto,setArticleUrl,3,1,1
.,com.sismics.reader.core.dao.jpa.dto,UserArticleDto,getArticleGuid,3,1,0
.,com.sismics.reader.core.dao.jpa.dto,UserArticleDto,setArticleGuid,3,1,1
.,com.sismics.reader.core.dao.jpa.dto,UserArticleDto,getArticleTitle,3,1,0
.,com.sismics.reader.core.dao.jpa.dto,UserArticleDto,setArticleTitle,3,1,1
.,com.sismics.reader.core.dao.jpa.dto,UserArticleDto,getArticleCreator,3,1,0
.,com.sismics.reader.core.dao.jpa.dto,UserArticleDto,setArticleCreator,3,1,1
.,com.sismics.reader.core.dao.jpa.dto,UserArticleDto,getArticleDescription,3,1,0
.,com.sismics.reader.core.dao.jpa.dto,UserArticleDto,setArticleDescription,3,1,1
.,com.sismics.reader.core.dao.jpa.dto,UserArticleDto,getArticleCommentUrl,3,1,0
.,com.sismics.reader.core.dao.jpa.dto,UserArticleDto,setArticleCommentUrl,3,1,1
.,com.sismics.reader.core.dao.jpa.dto,UserArticleDto,getArticleCommentCount,3,1,0
.,com.sismics.reader.core.dao.jpa.dto,UserArticleDto,setArticleCommentCount,3,1,1
.,com.sismics.reader.core.dao.jpa.dto,UserArticleDto,getArticleEnclosureUrl,3,1,0
.,com.sismics.reader.core.dao.jpa.dto,UserArticleDto,setArticleEnclosureUrl,3,1,1
.,com.sismics.reader.core.dao.jpa.dto,UserArticleDto,getArticleEnclosureLength,3,1,0
.,com.sismics.reader.core.dao.jpa.dto,UserArticleDto,setArticleEnclosureLength,3,1,1
.,com.sismics.reader.core.dao.jpa.dto,UserArticleDto,getArticleEnclosureType,3,1,0
.,com.sismics.reader.core.dao.jpa.dto,UserArticleDto,setArticleEnclosureType,3,1,1
.,com.sismics.reader.core.dao.jpa.dto,UserArticleDto,getArticlePublicationTimestamp,3,1,0
.,com.sismics.reader.core.dao.jpa.dto,UserArticleDto,setArticlePublicationTimestamp,3,1,1
.,com.sismics.reader.core.dao.jpa.dto,JobDto,getId,3,1,0
.,com.sismics.reader.core.dao.jpa.dto,JobDto,setId,3,1,1
.,com.sismics.reader.core.dao.jpa.dto,JobDto,getName,3,1,0
.,com.sismics.reader.core.dao.jpa.dto,JobDto,setName,3,1,1
.,com.sismics.reader.core.dao.jpa.dto,JobDto,getUserId,3,1,0
.,com.sismics.reader.core.dao.jpa.dto,JobDto,setUserId,3,1,1
.,com.sismics.reader.core.dao.jpa.dto,JobDto,getCreateTimestamp,3,1,0
.,com.sismics.reader.core.dao.jpa.dto,JobDto,setCreateTimestamp,3,1,1
.,com.sismics.reader.core.dao.jpa.dto,JobDto,getStartTimestamp,3,1,0
.,com.sismics.reader.core.dao.jpa.dto,JobDto,setStartTimestamp,3,1,1
.,com.sismics.reader.core.dao.jpa.dto,JobDto,getEndTimestamp,3,1,0
.,com.sismics.reader.core.dao.jpa.dto,JobDto,setEndTimestamp,3,1,1
.,com.sismics.reader.core.dao.jpa.dto,FeedSubscriptionDto,getId,3,1,0
.,com.sismics.reader.core.dao.jpa.dto,FeedSubscriptionDto,setId,3,1,1
.,com.sismics.reader.core.dao.jpa.dto,FeedSubscriptionDto,getFeedSubscriptionTitle,3,1,0
.,com.sismics.reader.core.dao.jpa.dto,FeedSubscriptionDto,setFeedSubscriptionTitle,3,1,1
.,com.sismics.reader.core.dao.jpa.dto,FeedSubscriptionDto,getUserId,3,1,0
.,com.sismics.reader.core.dao.jpa.dto,FeedSubscriptionDto,setUserId,3,1,1
.,com.sismics.reader.core.dao.jpa.dto,FeedSubscriptionDto,getFeedId,3,1,0
.,com.sismics.reader.core.dao.jpa.dto,FeedSubscriptionDto,setFeedId,3,1,1
.,com.sismics.reader.core.dao.jpa.dto,FeedSubscriptionDto,getFeedRssUrl,3,1,0
.,com.sismics.reader.core.dao.jpa.dto,FeedSubscriptionDto,setFeedRssUrl,3,1,1
.,com.sismics.reader.core.dao.jpa.dto,FeedSubscriptionDto,getFeedUrl,3,1,0
.,com.sismics.reader.core.dao.jpa.dto,FeedSubscriptionDto,setFeedUrl,3,1,1
.,com.sismics.reader.core.dao.jpa.dto,FeedSubscriptionDto,getFeedDescription,3,1,0
.,com.sismics.reader.core.dao.jpa.dto,FeedSubscriptionDto,setFeedDescription,3,1,1
.,com.sismics.reader.core.dao.jpa.dto,FeedSubscriptionDto,getUnreadUserArticleCount,3,1,0
.,com.sismics.reader.core.dao.jpa.dto,FeedSubscriptionDto,setUnreadUserArticleCount,3,1,1
.,com.sismics.reader.core.dao.jpa.dto,FeedSubscriptionDto,getCategoryId,3,1,0
.,com.sismics.reader.core.dao.jpa.dto,FeedSubscriptionDto,setCategoryId,3,1,1
.,com.sismics.reader.core.dao.jpa.dto,FeedSubscriptionDto,getCategoryParentId,3,1,0
.,com.sismics.reader.core.dao.jpa.dto,FeedSubscriptionDto,setCategoryParentId,3,1,1
.,com.sismics.reader.core.dao.jpa.dto,FeedSubscriptionDto,getCategoryName,3,1,0
.,com.sismics.reader.core.dao.jpa.dto,FeedSubscriptionDto,setCategoryName,3,1,1
.,com.sismics.reader.core.dao.jpa.dto,FeedSubscriptionDto,isCategoryFolded,3,1,0
.,com.sismics.reader.core.dao.jpa.dto,FeedSubscriptionDto,setCategoryFolded,3,1,1
.,com.sismics.reader.core.dao.jpa.dto,FeedSubscriptionDto,getFeedTitle,3,1,0
.,com.sismics.reader.core.dao.jpa.dto,FeedSubscriptionDto,setFeedTitle,3,1,1
.,com.sismics.reader.core.dao.jpa.dto,FeedSubscriptionDto,getCreateDate,3,1,0
.,com.sismics.reader.core.dao.jpa.dto,FeedSubscriptionDto,setCreateDate,3,1,1
.,com.sismics.reader.core.dao.jpa.dto,FeedSubscriptionDto,getSynchronizationFailCount,3,1,0
.,com.sismics.reader.core.dao.jpa.dto,FeedSubscriptionDto,setSynchronizationFailCount,3,1,1
.,com.sismics.reader.core.dao.jpa.dto,ArticleDto,getId,3,1,0
.,com.sismics.reader.core.dao.jpa.dto,ArticleDto,setId,3,1,1
.,com.sismics.reader.core.dao.jpa.dto,ArticleDto,getUrl,3,1,0
.,com.sismics.reader.core.dao.jpa.dto,ArticleDto,setUrl,3,1,1
.,com.sismics.reader.core.dao.jpa.dto,ArticleDto,getGuid,3,1,0
.,com.sismics.reader.core.dao.jpa.dto,ArticleDto,setGuid,3,1,1
.,com.sismics.reader.core.dao.jpa.dto,ArticleDto,getTitle,3,1,0
.,com.sismics.reader.core.dao.jpa.dto,ArticleDto,setTitle,3,1,1
.,com.sismics.reader.core.dao.jpa.dto,ArticleDto,getCreator,3,1,0
.,com.sismics.reader.core.dao.jpa.dto,ArticleDto,setCreator,3,1,1
.,com.sismics.reader.core.dao.jpa.dto,ArticleDto,getDescription,3,1,0
.,com.sismics.reader.core.dao.jpa.dto,ArticleDto,setDescription,3,1,1
.,com.sismics.reader.core.dao.jpa.dto,ArticleDto,getCommentUrl,3,1,0
.,com.sismics.reader.core.dao.jpa.dto,ArticleDto,setCommentUrl,3,1,1
.,com.sismics.reader.core.dao.jpa.dto,ArticleDto,getCommentCount,3,1,0
.,com.sismics.reader.core.dao.jpa.dto,ArticleDto,setCommentCount,3,1,1
.,com.sismics.reader.core.dao.jpa.dto,ArticleDto,getPublicationDate,3,1,0
.,com.sismics.reader.core.dao.jpa.dto,ArticleDto,setPublicationDate,3,1,1
.,com.sismics.reader.core.dao.jpa.dto,ArticleDto,getCreateDate,3,1,0
.,com.sismics.reader.core.dao.jpa.dto,ArticleDto,setCreateDate,3,1,1
.,com.sismics.reader.core.dao.jpa.dto,ArticleDto,getEnclosureUrl,3,1,0
.,com.sismics.reader.core.dao.jpa.dto,ArticleDto,setEnclosureUrl,3,1,1
.,com.sismics.reader.core.dao.jpa.dto,ArticleDto,getEnclosureCount,3,1,0
.,com.sismics.reader.core.dao.jpa.dto,ArticleDto,setEnclosureCount,3,1,1
.,com.sismics.reader.core.dao.jpa.dto,ArticleDto,getEnclosureType,3,1,0
.,com.sismics.reader.core.dao.jpa.dto,ArticleDto,setEnclosureType,3,1,1
.,com.sismics.reader.core.dao.jpa.dto,ArticleDto,getFeedId,3,1,0
.,com.sismics.reader.core.dao.jpa.dto,ArticleDto,setFeedId,3,1,1
.,com.sismics.reader.core.dao.jpa.dto,FeedDto,getId,3,1,0
.,com.sismics.reader.core.dao.jpa.dto,FeedDto,setId,3,1,1
.,com.sismics.reader.core.dao.jpa.dto,FeedDto,getRssUrl,3,1,0
.,com.sismics.reader.core.dao.jpa.dto,FeedDto,setRssUrl,3,1,1
.,com.sismics.reader.core.event,ArticleUpdatedAsyncEvent,getArticleList,3,1,0
.,com.sismics.reader.core.event,ArticleUpdatedAsyncEvent,setArticleList,3,1,1
.,com.sismics.reader.core.event,ArticleUpdatedAsyncEvent,toString,3,1,0
.,com.sismics.reader.core.event,PasswordChangedEvent,getUser,3,1,0
.,com.sismics.reader.core.event,PasswordChangedEvent,setUser,3,1,1
.,com.sismics.reader.core.event,ArticleCreatedAsyncEvent,getArticleList,3,1,0
.,com.sismics.reader.core.event,ArticleCreatedAsyncEvent,setArticleList,3,1,1
.,com.sismics.reader.core.event,ArticleCreatedAsyncEvent,toString,3,1,0
.,com.sismics.reader.core.event,UserCreatedEvent,getUser,3,1,0
.,com.sismics.reader.core.event,UserCreatedEvent,setUser,3,1,1
.,com.sismics.reader.core.event,UserCreatedEvent,toString,3,1,0
.,com.sismics.reader.core.event,ArticleDeletedAsyncEvent,getArticleList,3,1,0
.,com.sismics.reader.core.event,ArticleDeletedAsyncEvent,setArticleList,3,1,1
.,com.sismics.reader.core.event,ArticleDeletedAsyncEvent,toString,3,1,0
.,com.sismics.reader.core.event,FaviconUpdateRequestedEvent,toString,3,1,0
.,com.sismics.reader.core.event,FaviconUpdateRequestedEvent,getFeed,3,1,0
.,com.sismics.reader.core.event,FaviconUpdateRequestedEvent,setFeed,3,1,1
.,com.sismics.reader.core.event,SubscriptionImportedEvent,getUser,3,1,0
.,com.sismics.reader.core.event,SubscriptionImportedEvent,setUser,3,1,1
.,com.sismics.reader.core.event,SubscriptionImportedEvent,getImportFile,3,1,0
.,com.sismics.reader.core.event,SubscriptionImportedEvent,setImportFile,3,1,1
.,com.sismics.reader.core.event,SubscriptionImportedEvent,toString,3,1,0
.,com.sismics.reader.core.event,RebuildIndexAsyncEvent,toString,3,1,0
.,com.sismics.reader.core.service,IndexingService,IndexingService,3,1,1
.,com.sismics.reader.core.service,IndexingService,startUp,16,3,0
.,com.sismics.reader.core.service,IndexingService,shutDown,18,3,0
.,com.sismics.reader.core.service,IndexingService,runOneIteration,5,1,0
.,com.sismics.reader.core.service,IndexingService,scheduler,3,1,0
.,com.sismics.reader.core.service,IndexingService,searchArticles,35,6,4
.,com.sismics.reader.core.service,IndexingService,rebuildIndex,4,1,0
.,com.sismics.reader.core.service,IndexingService,getDirectory,3,1,0
.,com.sismics.reader.core.service,IndexingService,getDirectoryReader,27,4,0
.,com.sismics.reader.core.service,FeedService,startUp,2,1,0
.,com.sismics.reader.core.service,FeedService,shutDown,2,1,0
.,com.sismics.reader.core.service,FeedService,runOneIteration,8,1,0
.,com.sismics.reader.core.service,FeedService,scheduler,3,1,0
.,com.sismics.reader.core.service,FeedService,synchronizeAllFeeds,38,6,0
.,com.sismics.reader.core.service,FeedService,synchronize,129,18,1
.,com.sismics.reader.core.service,FeedService,completeArticleList,8,3,1
.,com.sismics.reader.core.service,FeedService,getArticleToRemove,24,6,1
.,com.sismics.reader.core.service,FeedService,getNewerArticleList,9,3,2
.,com.sismics.reader.core.service,FeedService,getOldestArticle,9,3,1
.,com.sismics.reader.core.service,FeedService,isFaviconUpdated,5,1,1
.,com.sismics.reader.core.service,FeedService,parseFeedOrPage,42,3,2
.,com.sismics.reader.core.service,FeedService,process,4,1,1
.,com.sismics.reader.core.service,FeedService,process,4,1,1
.,com.sismics.reader.core.service,FeedService,logParsingError,10,3,2
.,com.sismics.reader.core.service,FeedService,createInitialUserArticle,20,4,2
.,com.sismics.reader.core.model.context,AppContext,AppContext,9,1,0
.,com.sismics.reader.core.model.context,AppContext,resetEventBus,14,1,0
.,com.sismics.reader.core.model.context,AppContext,getInstance,6,2,0
.,com.sismics.reader.core.model.context,AppContext,waitForAsync,18,3,0
.,com.sismics.reader.core.model.context,AppContext,newAsyncEventBus,10,2,0
.,com.sismics.reader.core.model.context,AppContext,getEventBus,3,1,0
.,com.sismics.reader.core.model.context,AppContext,getAsyncEventBus,3,1,0
.,com.sismics.reader.core.model.context,AppContext,getMailEventBus,3,1,0
.,com.sismics.reader.core.model.context,AppContext,getImportEventBus,3,1,0
.,com.sismics.reader.core.model.context,AppContext,getFeedService,3,1,0
.,com.sismics.reader.core.model.context,AppContext,getIndexingService,3,1,0
.,com.sismics.reader.core.model.jpa,Feed,getId,3,1,0
.,com.sismics.reader.core.model.jpa,Feed,setId,3,1,1
.,com.sismics.reader.core.model.jpa,Feed,getRssUrl,3,1,0
.,com.sismics.reader.core.model.jpa,Feed,setRssUrl,3,1,1
.,com.sismics.reader.core.model.jpa,Feed,getUrl,3,1,0
.,com.sismics.reader.core.model.jpa,Feed,setUrl,3,1,1
.,com.sismics.reader.core.model.jpa,Feed,getBaseUri,3,1,0
.,com.sismics.reader.core.model.jpa,Feed,setBaseUri,3,1,1
.,com.sismics.reader.core.model.jpa,Feed,getTitle,3,1,0
.,com.sismics.reader.core.model.jpa,Feed,setTitle,3,1,1
.,com.sismics.reader.core.model.jpa,Feed,getLanguage,3,1,0
.,com.sismics.reader.core.model.jpa,Feed,setLanguage,3,1,1
.,com.sismics.reader.core.model.jpa,Feed,getDescription,3,1,0
.,com.sismics.reader.core.model.jpa,Feed,setDescription,3,1,1
.,com.sismics.reader.core.model.jpa,Feed,getCreateDate,3,1,0
.,com.sismics.reader.core.model.jpa,Feed,setCreateDate,3,1,1
.,com.sismics.reader.core.model.jpa,Feed,getLastFetchDate,3,1,0
.,com.sismics.reader.core.model.jpa,Feed,setLastFetchDate,3,1,1
.,com.sismics.reader.core.model.jpa,Feed,getDeleteDate,3,1,0
.,com.sismics.reader.core.model.jpa,Feed,setDeleteDate,3,1,1
.,com.sismics.reader.core.model.jpa,Feed,Feed,2,1,0
.,com.sismics.reader.core.model.jpa,Feed,Feed,3,1,1
.,com.sismics.reader.core.model.jpa,Feed,toString,3,1,0
.,com.sismics.reader.core.model.jpa,BaseFunction,getId,3,1,0
.,com.sismics.reader.core.model.jpa,BaseFunction,setId,3,1,1
.,com.sismics.reader.core.model.jpa,BaseFunction,toString,3,1,0
.,com.sismics.reader.core.model.jpa,Role,getId,3,1,0
.,com.sismics.reader.core.model.jpa,Role,setId,3,1,1
.,com.sismics.reader.core.model.jpa,Role,getName,3,1,0
.,com.sismics.reader.core.model.jpa,Role,setName,3,1,1
.,com.sismics.reader.core.model.jpa,Role,getCreateDate,3,1,0
.,com.sismics.reader.core.model.jpa,Role,setCreateDate,3,1,1
.,com.sismics.reader.core.model.jpa,Role,getDeleteDate,3,1,0
.,com.sismics.reader.core.model.jpa,Role,setDeleteDate,3,1,1
.,com.sismics.reader.core.model.jpa,Role,toString,3,1,0
.,com.sismics.reader.core.model.jpa,UserArticle,getId,3,1,0
.,com.sismics.reader.core.model.jpa,UserArticle,setId,3,1,1
.,com.sismics.reader.core.model.jpa,UserArticle,getUserId,3,1,0
.,com.sismics.reader.core.model.jpa,UserArticle,setUserId,3,1,1
.,com.sismics.reader.core.model.jpa,UserArticle,getArticleId,3,1,0
.,com.sismics.reader.core.model.jpa,UserArticle,setArticleId,3,1,1
.,com.sismics.reader.core.model.jpa,UserArticle,getCreateDate,3,1,0
.,com.sismics.reader.core.model.jpa,UserArticle,setCreateDate,3,1,1
.,com.sismics.reader.core.model.jpa,UserArticle,getReadDate,3,1,0
.,com.sismics.reader.core.model.jpa,UserArticle,setReadDate,3,1,1
.,com.sismics.reader.core.model.jpa,UserArticle,getStarredDate,3,1,0
.,com.sismics.reader.core.model.jpa,UserArticle,setStarredDate,3,1,1
.,com.sismics.reader.core.model.jpa,UserArticle,getDeleteDate,3,1,0
.,com.sismics.reader.core.model.jpa,UserArticle,setDeleteDate,3,1,1
.,com.sismics.reader.core.model.jpa,UserArticle,toString,3,1,0
.,com.sismics.reader.core.model.jpa,RoleBaseFunction,getId,3,1,0
.,com.sismics.reader.core.model.jpa,RoleBaseFunction,setId,3,1,1
.,com.sismics.reader.core.model.jpa,RoleBaseFunction,getRoleId,3,1,0
.,com.sismics.reader.core.model.jpa,RoleBaseFunction,setRoleId,3,1,1
.,com.sismics.reader.core.model.jpa,RoleBaseFunction,getBaseFunctionId,3,1,0
.,com.sismics.reader.core.model.jpa,RoleBaseFunction,setBaseFunctionId,3,1,1
.,com.sismics.reader.core.model.jpa,RoleBaseFunction,getCreateDate,3,1,0
.,com.sismics.reader.core.model.jpa,RoleBaseFunction,setCreateDate,3,1,1
.,com.sismics.reader.core.model.jpa,RoleBaseFunction,getDeleteDate,3,1,0
.,com.sismics.reader.core.model.jpa,RoleBaseFunction,setDeleteDate,3,1,1
.,com.sismics.reader.core.model.jpa,RoleBaseFunction,toString,3,1,0
.,com.sismics.reader.core.model.jpa,User,getId,3,1,0
.,com.sismics.reader.core.model.jpa,User,setId,3,1,1
.,com.sismics.reader.core.model.jpa,User,getLocaleId,3,1,0
.,com.sismics.reader.core.model.jpa,User,setLocaleId,3,1,1
.,com.sismics.reader.core.model.jpa,User,getRoleId,3,1,0
.,com.sismics.reader.core.model.jpa,User,setRoleId,3,1,1
.,com.sismics.reader.core.model.jpa,User,getUsername,3,1,0
.,com.sismics.reader.core.model.jpa,User,setUsername,3,1,1
.,com.sismics.reader.core.model.jpa,User,getPassword,3,1,0
.,com.sismics.reader.core.model.jpa,User,setPassword,3,1,1
.,com.sismics.reader.core.model.jpa,User,getEmail,3,1,0
.,com.sismics.reader.core.model.jpa,User,setEmail,3,1,1
.,com.sismics.reader.core.model.jpa,User,getTheme,3,1,0
.,com.sismics.reader.core.model.jpa,User,setTheme,3,1,1
.,com.sismics.reader.core.model.jpa,User,isDisplayTitleWeb,3,1,0
.,com.sismics.reader.core.model.jpa,User,setDisplayTitleWeb,3,1,1
.,com.sismics.reader.core.model.jpa,User,isDisplayTitleMobile,3,1,0
.,com.sismics.reader.core.model.jpa,User,setDisplayTitleMobile,3,1,1
.,com.sismics.reader.core.model.jpa,User,isDisplayUnreadWeb,3,1,0
.,com.sismics.reader.core.model.jpa,User,setDisplayUnreadWeb,3,1,1
.,com.sismics.reader.core.model.jpa,User,isDisplayUnreadMobile,3,1,0
.,com.sismics.reader.core.model.jpa,User,setDisplayUnreadMobile,3,1,1
.,com.sismics.reader.core.model.jpa,User,isNarrowArticle,3,1,0
.,com.sismics.reader.core.model.jpa,User,setNarrowArticle,3,1,1
.,com.sismics.reader.core.model.jpa,User,isFirstConnection,3,1,0
.,com.sismics.reader.core.model.jpa,User,setFirstConnection,3,1,1
.,com.sismics.reader.core.model.jpa,User,getCreateDate,3,1,0
.,com.sismics.reader.core.model.jpa,User,setCreateDate,3,1,1
.,com.sismics.reader.core.model.jpa,User,getDeleteDate,3,1,0
.,com.sismics.reader.core.model.jpa,User,setDeleteDate,3,1,1
.,com.sismics.reader.core.model.jpa,User,toString,3,1,0
.,com.sismics.reader.core.model.jpa,AuthenticationToken,getId,3,1,0
.,com.sismics.reader.core.model.jpa,AuthenticationToken,setId,3,1,1
.,com.sismics.reader.core.model.jpa,AuthenticationToken,getUserId,3,1,0
.,com.sismics.reader.core.model.jpa,AuthenticationToken,setUserId,3,1,1
.,com.sismics.reader.core.model.jpa,AuthenticationToken,isLongLasted,3,1,0
.,com.sismics.reader.core.model.jpa,AuthenticationToken,setLongLasted,3,1,1
.,com.sismics.reader.core.model.jpa,AuthenticationToken,getCreationDate,3,1,0
.,com.sismics.reader.core.model.jpa,AuthenticationToken,setCreationDate,3,1,1
.,com.sismics.reader.core.model.jpa,AuthenticationToken,getLastConnectionDate,3,1,0
.,com.sismics.reader.core.model.jpa,AuthenticationToken,setLastConnectionDate,3,1,1
.,com.sismics.reader.core.model.jpa,AuthenticationToken,toString,3,1,0
.,com.sismics.reader.core.model.jpa,FeedSubscription,getId,3,1,0
.,com.sismics.reader.core.model.jpa,FeedSubscription,setId,3,1,1
.,com.sismics.reader.core.model.jpa,FeedSubscription,getUserId,3,1,0
.,com.sismics.reader.core.model.jpa,FeedSubscription,setUserId,3,1,1
.,com.sismics.reader.core.model.jpa,FeedSubscription,getFeedId,3,1,0
.,com.sismics.reader.core.model.jpa,FeedSubscription,setFeedId,3,1,1
.,com.sismics.reader.core.model.jpa,FeedSubscription,getCategoryId,3,1,0
.,com.sismics.reader.core.model.jpa,FeedSubscription,setCategoryId,3,1,1
.,com.sismics.reader.core.model.jpa,FeedSubscription,getTitle,3,1,0
.,com.sismics.reader.core.model.jpa,FeedSubscription,setTitle,3,1,1
.,com.sismics.reader.core.model.jpa,FeedSubscription,getOrder,3,1,0
.,com.sismics.reader.core.model.jpa,FeedSubscription,setOrder,3,1,1
.,com.sismics.reader.core.model.jpa,FeedSubscription,getUnreadCount,3,1,0
.,com.sismics.reader.core.model.jpa,FeedSubscription,setUnreadCount,3,1,1
.,com.sismics.reader.core.model.jpa,FeedSubscription,getCreateDate,3,1,0
.,com.sismics.reader.core.model.jpa,FeedSubscription,setCreateDate,3,1,1
.,com.sismics.reader.core.model.jpa,FeedSubscription,getDeleteDate,3,1,0
.,com.sismics.reader.core.model.jpa,FeedSubscription,setDeleteDate,3,1,1
.,com.sismics.reader.core.model.jpa,FeedSubscription,toString,3,1,0
.,com.sismics.reader.core.model.jpa,JobEvent,JobEvent,2,1,0
.,com.sismics.reader.core.model.jpa,JobEvent,JobEvent,5,1,3
.,com.sismics.reader.core.model.jpa,JobEvent,getId,3,1,0
.,com.sismics.reader.core.model.jpa,JobEvent,setId,3,1,1
.,com.sismics.reader.core.model.jpa,JobEvent,getJobId,3,1,0
.,com.sismics.reader.core.model.jpa,JobEvent,setJobId,3,1,1
.,com.sismics.reader.core.model.jpa,JobEvent,getName,3,1,0
.,com.sismics.reader.core.model.jpa,JobEvent,setName,3,1,1
.,com.sismics.reader.core.model.jpa,JobEvent,getValue,3,1,0
.,com.sismics.reader.core.model.jpa,JobEvent,setValue,3,1,1
.,com.sismics.reader.core.model.jpa,JobEvent,getCreateDate,3,1,0
.,com.sismics.reader.core.model.jpa,JobEvent,setCreateDate,3,1,1
.,com.sismics.reader.core.model.jpa,JobEvent,getDeleteDate,3,1,0
.,com.sismics.reader.core.model.jpa,JobEvent,setDeleteDate,3,1,1
.,com.sismics.reader.core.model.jpa,JobEvent,toString,3,1,0
.,com.sismics.reader.core.model.jpa,Category,getId,3,1,0
.,com.sismics.reader.core.model.jpa,Category,setId,3,1,1
.,com.sismics.reader.core.model.jpa,Category,getUserId,3,1,0
.,com.sismics.reader.core.model.jpa,Category,setUserId,3,1,1
.,com.sismics.reader.core.model.jpa,Category,getParentId,3,1,0
.,com.sismics.reader.core.model.jpa,Category,setParentId,3,1,1
.,com.sismics.reader.core.model.jpa,Category,getName,3,1,0
.,com.sismics.reader.core.model.jpa,Category,setName,3,1,1
.,com.sismics.reader.core.model.jpa,Category,getOrder,3,1,0
.,com.sismics.reader.core.model.jpa,Category,setOrder,3,1,1
.,com.sismics.reader.core.model.jpa,Category,isFolded,3,1,0
.,com.sismics.reader.core.model.jpa,Category,setFolded,3,1,1
.,com.sismics.reader.core.model.jpa,Category,getCreateDate,3,1,0
.,com.sismics.reader.core.model.jpa,Category,setCreateDate,3,1,1
.,com.sismics.reader.core.model.jpa,Category,getDeleteDate,3,1,0
.,com.sismics.reader.core.model.jpa,Category,setDeleteDate,3,1,1
.,com.sismics.reader.core.model.jpa,Category,toString,3,1,0
.,com.sismics.reader.core.model.jpa,FeedSynchronization,getId,3,1,0
.,com.sismics.reader.core.model.jpa,FeedSynchronization,setId,3,1,1
.,com.sismics.reader.core.model.jpa,FeedSynchronization,getFeedId,3,1,0
.,com.sismics.reader.core.model.jpa,FeedSynchronization,setFeedId,3,1,1
.,com.sismics.reader.core.model.jpa,FeedSynchronization,isSuccess,3,1,0
.,com.sismics.reader.core.model.jpa,FeedSynchronization,setSuccess,3,1,1
.,com.sismics.reader.core.model.jpa,FeedSynchronization,getMessage,3,1,0
.,com.sismics.reader.core.model.jpa,FeedSynchronization,setMessage,3,1,1
.,com.sismics.reader.core.model.jpa,FeedSynchronization,getDuration,3,1,0
.,com.sismics.reader.core.model.jpa,FeedSynchronization,setDuration,3,1,1
.,com.sismics.reader.core.model.jpa,FeedSynchronization,getCreateDate,3,1,0
.,com.sismics.reader.core.model.jpa,FeedSynchronization,setCreateDate,3,1,1
.,com.sismics.reader.core.model.jpa,FeedSynchronization,toString,3,1,0
.,com.sismics.reader.core.model.jpa,Article,getId,3,1,0
.,com.sismics.reader.core.model.jpa,Article,setId,3,1,1
.,com.sismics.reader.core.model.jpa,Article,getFeedId,3,1,0
.,com.sismics.reader.core.model.jpa,Article,setFeedId,3,1,1
.,com.sismics.reader.core.model.jpa,Article,getUrl,3,1,0
.,com.sismics.reader.core.model.jpa,Article,setUrl,3,1,1
.,com.sismics.reader.core.model.jpa,Article,getBaseUri,3,1,0
.,com.sismics.reader.core.model.jpa,Article,setBaseUri,3,1,1
.,com.sismics.reader.core.model.jpa,Article,getGuid,3,1,0
.,com.sismics.reader.core.model.jpa,Article,setGuid,3,1,1
.,com.sismics.reader.core.model.jpa,Article,getTitle,3,1,0
.,com.sismics.reader.core.model.jpa,Article,setTitle,3,1,1
.,com.sismics.reader.core.model.jpa,Article,getCreator,3,1,0
.,com.sismics.reader.core.model.jpa,Article,setCreator,3,1,1
.,com.sismics.reader.core.model.jpa,Article,getDescription,3,1,0
.,com.sismics.reader.core.model.jpa,Article,setDescription,3,1,1
.,com.sismics.reader.core.model.jpa,Article,getCommentUrl,3,1,0
.,com.sismics.reader.core.model.jpa,Article,setCommentUrl,3,1,1
.,com.sismics.reader.core.model.jpa,Article,getCommentCount,3,1,0
.,com.sismics.reader.core.model.jpa,Article,setCommentCount,3,1,1
.,com.sismics.reader.core.model.jpa,Article,getEnclosureUrl,3,1,0
.,com.sismics.reader.core.model.jpa,Article,setEnclosureUrl,3,1,1
.,com.sismics.reader.core.model.jpa,Article,getEnclosureLength,3,1,0
.,com.sismics.reader.core.model.jpa,Article,setEnclosureLength,3,1,1
.,com.sismics.reader.core.model.jpa,Article,getEnclosureType,3,1,0
.,com.sismics.reader.core.model.jpa,Article,setEnclosureType,3,1,1
.,com.sismics.reader.core.model.jpa,Article,getPublicationDate,3,1,0
.,com.sismics.reader.core.model.jpa,Article,setPublicationDate,3,1,1
.,com.sismics.reader.core.model.jpa,Article,getCreateDate,3,1,0
.,com.sismics.reader.core.model.jpa,Article,setCreateDate,3,1,1
.,com.sismics.reader.core.model.jpa,Article,getDeleteDate,3,1,0
.,com.sismics.reader.core.model.jpa,Article,setDeleteDate,3,1,1
.,com.sismics.reader.core.model.jpa,Article,Article,2,1,0
.,com.sismics.reader.core.model.jpa,Article,Article,3,1,1
.,com.sismics.reader.core.model.jpa,Article,toString,3,1,0
.,com.sismics.reader.core.model.jpa,Job,Job,2,1,0
.,com.sismics.reader.core.model.jpa,Job,Job,4,1,2
.,com.sismics.reader.core.model.jpa,Job,getId,3,1,0
.,com.sismics.reader.core.model.jpa,Job,setId,3,1,1
.,com.sismics.reader.core.model.jpa,Job,getUserId,3,1,0
.,com.sismics.reader.core.model.jpa,Job,setUserId,3,1,1
.,com.sismics.reader.core.model.jpa,Job,getName,3,1,0
.,com.sismics.reader.core.model.jpa,Job,setName,3,1,1
.,com.sismics.reader.core.model.jpa,Job,getCreateDate,3,1,0
.,com.sismics.reader.core.model.jpa,Job,setCreateDate,3,1,1
.,com.sismics.reader.core.model.jpa,Job,getStartDate,3,1,0
.,com.sismics.reader.core.model.jpa,Job,setStartDate,3,1,1
.,com.sismics.reader.core.model.jpa,Job,getEndDate,3,1,0
.,com.sismics.reader.core.model.jpa,Job,setEndDate,3,1,1
.,com.sismics.reader.core.model.jpa,Job,getDeleteDate,3,1,0
.,com.sismics.reader.core.model.jpa,Job,setDeleteDate,3,1,1
.,com.sismics.reader.core.model.jpa,Job,toString,3,1,0
.,com.sismics.reader.core.model.jpa,Locale,getId,3,1,0
.,com.sismics.reader.core.model.jpa,Locale,setId,3,1,1
.,com.sismics.reader.core.model.jpa,Locale,toString,3,1,0
.,com.sismics.reader.core.model.jpa,Config,getId,3,1,0
.,com.sismics.reader.core.model.jpa,Config,setId,3,1,1
.,com.sismics.reader.core.model.jpa,Config,getValue,3,1,0
.,com.sismics.reader.core.model.jpa,Config,setValue,3,1,1
.,com.sismics.reader.core.model.jpa,Config,toString,3,1,0
.,com.sismics.reader.core.listener.async,FaviconUpdateRequestedAsyncListener,onFaviconUpdateRequested,18,4,1
.,com.sismics.reader.core.listener.async,ArticleUpdatedAsyncListener,onArticleUpdated,12,3,1
.,com.sismics.reader.core.listener.async,ArticleDeletedAsyncListener,onArticleDeleted,12,3,1
.,com.sismics.reader.core.listener.async,SubscriptionImportAsyncListener,onSubscriptionImport,14,3,1
.,com.sismics.reader.core.listener.async,SubscriptionImportAsyncListener,createJob,69,6,2
.,com.sismics.reader.core.listener.async,SubscriptionImportAsyncListener,getFeedCount,8,2,1
.,com.sismics.reader.core.listener.async,SubscriptionImportAsyncListener,processImportFile,89,10,3
.,com.sismics.reader.core.listener.async,SubscriptionImportAsyncListener,importOutline,96,12,3
.,com.sismics.reader.core.listener.async,SubscriptionImportAsyncListener,importFeedFromStarred,65,9,3
.,com.sismics.reader.core.listener.async,RebuildIndexAsyncListener,onArticleCreated,12,2,1
.,com.sismics.reader.core.listener.async,ArticleCreatedAsyncListener,onArticleCreated,13,3,1
.,com.sismics.reader.core.listener.sync,DeadEventListener,onDeadEvent,3,1,1
.,com.sismics.reader.rest.filter,CookieAuthenticationFilter,CookieAuthenticationFilter,3,1,1
.,com.sismics.reader.rest.filter,CookieAuthenticationFilter,handle,13,3,1
.,com.sismics.reader.rest.descriptor,JerseyTestWebAppDescriptorFactory,build,6,1,0
.,com.sismics.reader.rest.util,TestValidationUtil,testValidateHttpUrlFail,17,1,0
.,com.sismics.reader.rest.util,ValidationUtil,validateTheme,17,4,4
.,com.sismics.reader.rest.util,ValidationUtil,validateLocale,17,4,3
.,com.sismics.reader.rest,BaseJerseyTest,BaseJerseyTest,3,1,0
.,com.sismics.reader.rest,BaseJerseyTest,setUp,7,1,0
.,com.sismics.reader.rest,BaseJerseyTest,tearDown,5,1,0
.,com.sismics.reader.rest,BaseJerseyTest,startHttpServer,8,1,0
.,com.sismics.reader.rest,BaseJerseyTest,addTempFileHandler,5,1,0
.,com.sismics.reader.rest,BaseJerseyTest,popEmail,12,2,0
.,com.sismics.reader.rest,BaseJerseyTest,encodeQuotedPrintable,7,1,1
.,com.sismics.reader.rest,BaseJerseyTest,copyTempResource,9,1,1
.,com.sismics.reader.rest,BaseJerseyTest,withNetworkDown,9,1,1
.,com.sismics.reader.rest,BaseJerseyTest,createUser,6,1,1
.,com.sismics.reader.rest,BaseJerseyTest,login,6,1,3
.,com.sismics.reader.rest,BaseJerseyTest,assertIsOk,3,1,0
.,com.sismics.reader.rest,BaseJerseyTest,assertIsOk,3,1,1
.,com.sismics.reader.rest,BaseJerseyTest,assertIsBadRequest,3,1,0
.,com.sismics.reader.rest,BaseJerseyTest,assertIsBadRequest,3,1,1
.,com.sismics.reader.rest,BaseJerseyTest,assertIsForbidden,3,1,0
.,com.sismics.reader.rest,BaseJerseyTest,assertIsForbidden,3,1,1
.,com.sismics.reader.rest,BaseJerseyTest,assertStatus,3,1,2
.,com.sismics.reader.rest,BaseJerseyTest,login,3,1,1
.,com.sismics.reader.rest,BaseJerseyTest,logout,4,1,0
.,com.sismics.reader.rest,BaseJerseyTest,getAuthenticationCookie,9,3,1
.,com.sismics.reader.rest,BaseJerseyTest,synchronizeAllFeed,3,1,0
.,com.sismics.reader.rest,BaseJerseyTest,GET,8,2,2
.,com.sismics.reader.rest,BaseJerseyTest,GET,4,1,1
.,com.sismics.reader.rest,BaseJerseyTest,PUT,9,2,2
.,com.sismics.reader.rest,BaseJerseyTest,PUT,5,1,2
.,com.sismics.reader.rest,BaseJerseyTest,PUT,3,1,1
.,com.sismics.reader.rest,BaseJerseyTest,POST,9,2,2
.,com.sismics.reader.rest,BaseJerseyTest,POST,9,2,2
.,com.sismics.reader.rest,BaseJerseyTest,POST,3,1,1
.,com.sismics.reader.rest,BaseJerseyTest,DELETE,5,1,1
.,com.sismics.reader.rest,BaseJerseyTest,builder,7,2,1
.,com.sismics.reader.rest,BaseJerseyTest,addCookiesFromResponse,7,3,0
.,com.sismics.reader.rest,BaseJerseyTest,getJsonResult,3,1,0
.,com.sismics.reader.rest,TestJobResource,testJobResource,43,1,0
.,com.sismics.reader.rest,TestSearchResource,testSearchResource,61,1,0
.,com.sismics.reader.rest,TestSearchResource,assertSearchResult,7,2,3
.,com.sismics.reader.rest,TestAppResource,testAppResource,16,1,0
.,com.sismics.reader.rest,TestAppResource,testMapPortResource,5,1,0
.,com.sismics.reader.rest,TestAppResource,testLogResource,22,2,0
.,com.sismics.reader.rest,TestLocaleResource,testLocaleResource,7,1,0
.,com.sismics.reader.rest,TestThemeResource,testThemeResource,7,1,0
.,com.sismics.reader.rest,TestSecurity,testSecurity,25,1,0
.,com.sismics.reader.rest,TestSecurity,testHeaderBasedAuthentication,8,1,0
.,com.sismics.reader.rest,TestSubscriptionResource,testSubscriptionAddResource,128,1,0
.,com.sismics.reader.rest,TestSubscriptionResource,testArticleDate,23,1,0
.,com.sismics.reader.rest,TestSubscriptionResource,testDeletedArticle,78,1,0
.,com.sismics.reader.rest,TestSubscriptionResource,testSubscriptionSynchronizationResource,37,1,0
.,com.sismics.reader.rest,TestSubscriptionResource,testSubscriptionImportOpml,32,1,0
.,com.sismics.reader.rest,TestSubscriptionResource,testSubscriptionImportTakeout,32,1,0
.,com.sismics.reader.rest,TestSubscriptionResource,testIssue110,15,1,0
.,com.sismics.reader.rest,TestSubscriptionResource,testIssue119,36,1,0
.,com.sismics.reader.rest,TestCategoryResource,testCategoryResource,141,1,0
.,com.sismics.reader.rest,TestAllResource,testAllResource,77,1,0
.,com.sismics.reader.rest,TestAllResource,testMultipleUsers,28,1,0
.,com.sismics.reader.rest,TestUserResource,testUserResourceAnonymous,6,1,0
.,com.sismics.reader.rest,TestUserResource,testUserResource,82,1,0
.,com.sismics.reader.rest,TestUserResource,testUserResourceAdmin,37,1,0
.,com.sismics.reader.rest,TestStarredResource,testStarredResource,61,1,0
.,com.sismics.util.filter,TokenBasedSecurityFilter,extractAuthToken,4,4,1
.,com.sismics.util.filter,TokenBasedSecurityFilter,handleExpiredToken,8,2,2
.,com.sismics.util.filter,TokenBasedSecurityFilter,isTokenExpired,11,2,1
.,com.sismics.util.filter,TokenBasedSecurityFilter,authenticate,14,4,1
.,com.sismics.util.filter,SecurityFilter,hasIdentifiedUser,3,1,1
.,com.sismics.util.filter,SecurityFilter,injectUser,4,2,2
.,com.sismics.util.filter,SecurityFilter,injectAuthenticatedUser,9,1,2
.,com.sismics.util.filter,SecurityFilter,injectAnonymousUser,6,1,1
.,com.sismics.util.filter,SecurityFilter,init,2,1,1
.,com.sismics.util.filter,SecurityFilter,destroy,2,1,0
.,com.sismics.util.filter,SecurityFilter,doFilter,8,2,3
.,com.sismics.util.filter,SecurityFilter,authenticate,0,1,1
.,com.sismics.util.filter,RequestContextFilter,init,24,4,1
.,com.sismics.util.filter,RequestContextFilter,addFileLogger,12,1,0
.,com.sismics.util.filter,RequestContextFilter,destroy,2,1,0
.,com.sismics.util.filter,RequestContextFilter,doFilter,57,6,3
.,com.sismics.util.filter,HeaderBasedSecurityFilter,init,3,1,1
.,com.sismics.util.filter,HeaderBasedSecurityFilter,authenticate,5,2,1
.,com.sismics.security,IPrincipal,isAnonymous,0,1,0
.,com.sismics.security,IPrincipal,getId,0,1,0
.,com.sismics.security,IPrincipal,getLocale,0,1,0
.,com.sismics.security,IPrincipal,getDateTimeZone,0,1,0
.,com.sismics.security,IPrincipal,getEmail,0,1,0
.,com.sismics.security,AnonymousPrincipal,AnonymousPrincipal,2,1,0
.,com.sismics.security,AnonymousPrincipal,getId,3,1,0
.,com.sismics.security,AnonymousPrincipal,getName,3,1,0
.,com.sismics.security,AnonymousPrincipal,isAnonymous,3,1,0
.,com.sismics.security,AnonymousPrincipal,getLocale,3,1,0
.,com.sismics.security,AnonymousPrincipal,setLocale,3,1,1
.,com.sismics.security,AnonymousPrincipal,getDateTimeZone,3,1,0
.,com.sismics.security,AnonymousPrincipal,getEmail,3,1,0
.,com.sismics.security,AnonymousPrincipal,setDateTimeZone,3,1,1
.,com.sismics.security,UserPrincipal,UserPrincipal,4,1,2
.,com.sismics.security,UserPrincipal,isAnonymous,3,1,0
.,com.sismics.security,UserPrincipal,getId,3,1,0
.,com.sismics.security,UserPrincipal,setId,3,1,1
.,com.sismics.security,UserPrincipal,getName,3,1,0
.,com.sismics.security,UserPrincipal,setName,3,1,1
.,com.sismics.security,UserPrincipal,getLocale,3,1,0
.,com.sismics.security,UserPrincipal,setLocale,3,1,1
.,com.sismics.security,UserPrincipal,getDateTimeZone,3,1,0
.,com.sismics.security,UserPrincipal,setDateTimeZone,3,1,1
.,com.sismics.security,UserPrincipal,getEmail,3,1,0
.,com.sismics.security,UserPrincipal,setEmail,3,1,1
.,com.sismics.security,UserPrincipal,getBaseFunctionSet,3,1,0
.,com.sismics.security,UserPrincipal,setBaseFunctionSet,3,1,1
.,com.sismics.rest.util,JsonUtil,append,19,4,3
.,com.sismics.rest.util,ValidationUtil,validateRequired,5,2,2
.,com.sismics.rest.util,ValidationUtil,validateLength,16,5,5
.,com.sismics.rest.util,ValidationUtil,validateLength,3,1,4
.,com.sismics.rest.util,ValidationUtil,validateStringNotBlank,3,1,2
.,com.sismics.rest.util,ValidationUtil,validateEmail,5,2,2
.,com.sismics.rest.util,ValidationUtil,validateHttpUrl,7,2,2
.,com.sismics.rest.util,ValidationUtil,validateAlphanumeric,5,2,2
.,com.sismics.rest.util,ValidationUtil,validateDate,16,3,3
.,com.sismics.rest.exception,ClientException,ClientException,4,1,3
.,com.sismics.rest.exception,ClientException,ClientException,3,1,2
.,com.sismics.rest.exception,ForbiddenClientException,ForbiddenClientException,3,1,0
.,com.sismics.rest.exception,ServerException,ServerException,4,1,3
.,com.sismics.rest.exception,ServerException,ServerException,3,1,2
.,com.sismics.rest.resource,GenericExceptionMapper,toResponse,15,2,1
.,com.sismics.reader.agent.deployer,ReaderDeployer,ReaderDeployer,3,1,1
.,com.sismics.reader.agent.deployer,ReaderDeployer,start,36,2,0
.,com.sismics.reader.agent.deployer,ReaderDeployer,stop,13,2,0
.,com.sismics.reader.agent.deployer,ReaderDeployer,getErrorMessage,9,3,0
.,com.sismics.reader.agent.deployer,ReaderDeployer,getMemoryUsed,6,1,0
.,com.sismics.reader.agent.deployer,ReaderDeployer,getUrl,11,2,0
.,com.sismics.reader.agent.deployer,ReaderDeployer,getDeploymentStatus,3,1,0
.,com.sismics.reader.agent.deployer,ReaderDeployer,lifeCycleStopping,4,1,1
.,com.sismics.reader.agent.deployer,ReaderDeployer,lifeCycleStopped,4,1,1
.,com.sismics.reader.agent.deployer,ReaderDeployer,lifeCycleStarting,4,1,1
.,com.sismics.reader.agent.deployer,ReaderDeployer,lifeCycleStarted,4,1,1
.,com.sismics.reader.agent.deployer,ReaderDeployer,lifeCycleFailure,4,1,2
.,com.sismics.reader.agent.deployer,DeploymentStatus,DeploymentStatus,7,1,5
.,com.sismics.reader.agent.deployer,DeploymentStatus,getServerState,3,1,0
.,com.sismics.reader.agent.deployer,DeploymentStatus,getStartTime,3,1,0
.,com.sismics.reader.agent.deployer,DeploymentStatus,getUrl,3,1,0
.,com.sismics.reader.agent.deployer,DeploymentStatus,getMemoryUsed,3,1,0
.,com.sismics.reader.agent.deployer,DeploymentStatus,getErrorMessage,3,1,0
.,com.sismics.reader.agent.deployer,DeploymentStatusListener,notifyDeploymentStatus,0,1,1
.,com.sismics.reader.agent,ReaderAgent,ReaderAgent,6,1,0
.,com.sismics.reader.agent,ReaderAgent,notifyDeploymentInfo,8,3,0
.,com.sismics.reader.agent,ReaderAgent,setLookAndFeel,10,2,0
.,com.sismics.reader.agent,ReaderAgent,checkElevation,20,2,1
.,com.sismics.reader.agent,ReaderAgent,isElevationNeeded,14,2,0
.,com.sismics.reader.agent,ReaderAgent,addListener,3,1,1
.,com.sismics.reader.agent,ReaderAgent,showStatusPanel,3,1,0
.,com.sismics.reader.agent,ReaderAgent,showTrayIconMessage,3,1,0
.,com.sismics.reader.agent,ReaderAgent,exit,4,1,0
.,com.sismics.reader.agent,ReaderAgent,openBrowser,8,1,0
.,com.sismics.reader.agent,ReaderAgent,start,21,5,1
.,com.sismics.reader.agent,ReaderAgent,main,5,1,1
.,com.sismics.reader.agent,ReaderAgent,getReaderDeployer,3,1,0
.,com.sismics.reader.agent,ReaderAgent,isElevated,3,1,0
.,com.sismics.reader.agent,ReaderAgent,getSetting,3,1,0
.,com.sismics.reader.agent.ui,StatusPanel,StatusPanel,5,1,1
.,com.sismics.reader.agent.ui,StatusPanel,initComponent,51,1,0
.,com.sismics.reader.agent.ui,StatusPanel,actionPerformed,4,1,1
.,com.sismics.reader.agent.ui,StatusPanel,actionPerformed,4,1,1
.,com.sismics.reader.agent.ui,StatusPanel,actionPerformed,3,1,1
.,com.sismics.reader.agent.ui,StatusPanel,notifyDeploymentStatus,23,5,1
.,com.sismics.reader.agent.ui,AgentFrame,AgentFrame,13,1,1
.,com.sismics.reader.agent.ui,AgentFrame,centerComponent,4,1,0
.,com.sismics.reader.agent.ui,AgentFrame,initComponent,17,1,0
.,com.sismics.reader.agent.ui,AgentFrame,actionPerformed,3,1,1
.,com.sismics.reader.agent.ui,AgentFrame,showStatusPanel,7,1,0
.,com.sismics.reader.agent.ui,AgentFrame,showSettingPanel,7,1,0
.,com.sismics.reader.agent.ui,AgentFrame,setIcon,5,2,1
.,com.sismics.reader.agent.ui,AgentFrame,notifyDeploymentStatus,3,1,1
.,com.sismics.reader.agent.ui,SettingPanel,SettingPanel,5,1,1
.,com.sismics.reader.agent.ui,SettingPanel,readSetting,11,1,0
.,com.sismics.reader.agent.ui,SettingPanel,saveSetting,12,1,0
.,com.sismics.reader.agent.ui,SettingPanel,initComponent,55,1,0
.,com.sismics.reader.agent.ui,SettingPanel,actionPerformed,5,1,1
.,com.sismics.reader.agent.ui,SettingPanel,stateChanged,6,1,1
.,com.sismics.reader.agent.ui,SettingPanel,actionPerformed,8,1,1
.,com.sismics.reader.agent.ui,SettingPanel,getContextPath,7,2,0
.,com.sismics.reader.agent.ui,SettingPanel,getPort,13,2,0
.,com.sismics.reader.agent.ui,SettingPanel,getKeyStorePath,7,2,0
.,com.sismics.reader.agent.ui,SettingPanel,getKeyStorePassword,7,2,0
.,com.sismics.reader.agent.ui,SettingPanel,getKeyManagerPassword,7,2,0
.,com.sismics.reader.agent.ui,TrayController,TrayController,37,1,1
.,com.sismics.reader.agent.ui,TrayController,actionPerformed,3,1,1
.,com.sismics.reader.agent.ui,TrayController,actionPerformed,3,1,1
.,com.sismics.reader.agent.ui,TrayController,actionPerformed,3,1,1
.,com.sismics.reader.agent.ui,TrayController,showMessage,3,1,0
.,com.sismics.reader.agent.ui,TrayController,createImage,4,1,1
.,com.sismics.reader.agent.ui,TrayController,createMenuItem,5,1,1
.,com.sismics.reader.agent.ui,TrayController,uninstallComponents,8,1,0
.,com.sismics.reader.agent.ui,TrayController,setTrayImage,5,2,1
.,com.sismics.reader.agent.ui,TrayController,notifyDeploymentStatus,4,1,1
.,com.sismics.reader.agent.model,Setting,Setting,19,3,0
.,com.sismics.reader.agent.model,Setting,read,29,2,0
.,com.sismics.reader.agent.model,Setting,save,29,1,0
.,com.sismics.reader.agent.model,Setting,getHost,3,1,0
.,com.sismics.reader.agent.model,Setting,setHost,3,1,1
.,com.sismics.reader.agent.model,Setting,getPort,3,1,0
.,com.sismics.reader.agent.model,Setting,setPort,3,1,1
.,com.sismics.reader.agent.model,Setting,getContextPath,3,1,0
.,com.sismics.reader.agent.model,Setting,setContextPath,3,1,1
.,com.sismics.reader.agent.model,Setting,getReaderHome,3,1,0
.,com.sismics.reader.agent.model,Setting,setReaderHome,3,1,1
.,com.sismics.reader.agent.model,Setting,isAutoStart,3,1,0
.,com.sismics.reader.agent.model,Setting,setAutoStart,3,1,1
.,com.sismics.reader.agent.model,Setting,isSecure,3,1,0
.,com.sismics.reader.agent.model,Setting,setSecure,3,1,1
.,com.sismics.reader.agent.model,Setting,getKeyStorePath,3,1,0
.,com.sismics.reader.agent.model,Setting,setKeyStorePath,3,1,1
.,com.sismics.reader.agent.model,Setting,getKeyStorePassword,3,1,0
.,com.sismics.reader.agent.model,Setting,setKeyStorePassword,3,1,1
.,com.sismics.reader.agent.model,Setting,getKeyManagerPassword,3,1,0
.,com.sismics.reader.agent.model,Setting,setKeyManagerPassword,3,1,1
.,com.sismics.parallaxscroll,ParallaxedView,translatePreICS,0,1,2
.,com.sismics.parallaxscroll,ParallaxedView,ParallaxedView,5,1,1
.,com.sismics.parallaxscroll,ParallaxedView,is,3,1,1
.,com.sismics.parallaxscroll,ParallaxedView,setOffset,9,3,1
.,com.sismics.parallaxscroll,ParallaxedView,setAlpha,9,3,1
.,com.sismics.parallaxscroll,ParallaxedView,addAnimation,3,1,1
.,com.sismics.parallaxscroll,ParallaxedView,alphaPreICS,3,1,2
.,com.sismics.parallaxscroll,ParallaxedView,animateNow,12,4,0
.,com.sismics.parallaxscroll,ParallaxedView,setView,3,1,1
.,com.sismics.parallaxscroll,ParallaxScrollView,ParallaxScrollView,4,1,3
.,com.sismics.parallaxscroll,ParallaxScrollView,ParallaxScrollView,4,1,2
.,com.sismics.parallaxscroll,ParallaxScrollView,ParallaxScrollView,3,1,1
.,com.sismics.parallaxscroll,ParallaxScrollView,init,8,1,2
.,com.sismics.parallaxscroll,ParallaxScrollView,onFinishInflate,4,1,0
.,com.sismics.parallaxscroll,ParallaxScrollView,makeViewsParallax,10,3,0
.,com.sismics.parallaxscroll,ParallaxScrollView,onScrollChanged,15,3,4
.,com.sismics.parallaxscroll,ParallaxScrollView,ScrollViewParallaxedItem,3,1,1
.,com.sismics.parallaxscroll,ParallaxScrollView,translatePreICS,4,1,2
.,com.sismics.parallaxscroll,ScrollViewParallaxedItem,ScrollViewParallaxedItem,3,1,1
.,com.sismics.parallaxscroll,ScrollViewParallaxedItem,translatePreICS,4,1,2
.,com.sismics.reader.provider,RecentSuggestionsProvider,RecentSuggestionsProvider,3,1,0
.,com.sismics.reader.activity,CategoriesActivity,onCreate,37,3,1
.,com.sismics.reader.activity,CategoriesActivity,onSuccess,24,3,1
.,com.sismics.reader.activity,CategoriesActivity,drop,3,1,2
.,com.sismics.reader.activity,CategoriesActivity,onFailure,4,1,4
.,com.sismics.reader.activity,CategoriesActivity,finish,20,2,0
.,com.sismics.reader.activity,CategoriesActivity,onClick,3,1,2
.,com.sismics.reader.activity,CategoriesActivity,onClick,6,1,2
.,com.sismics.reader.activity,CategoriesActivity,save,72,8,0
.,com.sismics.reader.activity,CategoriesActivity,onCancel,7,1,1
.,com.sismics.reader.activity,CategoriesActivity,run,50,7,0
.,com.sismics.reader.activity,CategoriesActivity,onSuccess,4,1,1
.,com.sismics.reader.activity,CategoriesActivity,onFailure,6,1,4
.,com.sismics.reader.activity,CategoriesActivity,onSuccess,4,1,1
.,com.sismics.reader.activity,CategoriesActivity,onFailure,3,1,4
.,com.sismics.reader.activity,CategoriesActivity,onCreateOptionsMenu,5,1,1
.,com.sismics.reader.activity,CategoriesActivity,onOptionsItemSelected,25,4,1
.,com.sismics.reader.activity,CategoriesActivity,onClick,3,1,2
.,com.sismics.reader.activity,CategoriesActivity,onClick,2,1,2
.,com.sismics.reader.activity,CategoriesActivity,onDestroy,4,1,0
.,com.sismics.reader.activity,ArticleActivity,onStart,3,1,0
.,com.sismics.reader.activity,ArticleActivity,onSuccess,2,1,0
.,com.sismics.reader.activity,ArticleActivity,onError,3,1,0
.,com.sismics.reader.activity,ArticleActivity,onEnd,3,1,0
.,com.sismics.reader.activity,ArticleActivity,onCreate,107,13,1
.,com.sismics.reader.activity,ArticleActivity,onPageSelected,20,5,1
.,com.sismics.reader.activity,ArticleActivity,onPageScrolled,17,5,3
.,com.sismics.reader.activity,ArticleActivity,onPageScrollStateChanged,2,1,1
.,com.sismics.reader.activity,ArticleActivity,onScrollStateChanged,2,1,2
.,com.sismics.reader.activity,ArticleActivity,onScroll,5,2,4
.,com.sismics.reader.activity,ArticleActivity,onItemClick,6,2,4
.,com.sismics.reader.activity,ArticleActivity,onDrawerSlide,2,1,2
.,com.sismics.reader.activity,ArticleActivity,onDrawerStateChanged,2,1,1
.,com.sismics.reader.activity,ArticleActivity,onDrawerOpened,3,1,1
.,com.sismics.reader.activity,ArticleActivity,onDrawerClosed,3,1,1
.,com.sismics.reader.activity,ArticleActivity,onArticlesDrawerOpened,9,2,0
.,com.sismics.reader.activity,ArticleActivity,finish,12,3,0
.,com.sismics.reader.activity,ArticleActivity,onCreateOptionsMenu,7,1,1
.,com.sismics.reader.activity,ArticleActivity,updateActionBar,13,2,0
.,com.sismics.reader.activity,ArticleActivity,onOptionsItemSelected,64,6,1
.,com.sismics.reader.activity,ArticleActivity,onSuccess,10,1,1
.,com.sismics.reader.activity,ArticleActivity,onFinish,3,1,0
.,com.sismics.reader.activity,ArticleActivity,onSuccess,10,1,1
.,com.sismics.reader.activity,ArticleActivity,onFinish,3,1,0
.,com.sismics.reader.activity,ArticleActivity,onPause,18,4,0
.,com.sismics.reader.activity,SettingsActivity,onCreate,6,1,1
.,com.sismics.reader.activity,SettingsActivity,onOptionsItemSelected,8,2,1
.,com.sismics.reader.activity,LicenseActivity,onCreate,7,1,1
.,com.sismics.reader.activity,LicenseActivity,onOptionsItemSelected,8,2,1
.,com.sismics.reader.activity,MainActivity,onStart,3,1,0
.,com.sismics.reader.activity,MainActivity,onSuccess,2,1,0
.,com.sismics.reader.activity,MainActivity,onError,2,1,0
.,com.sismics.reader.activity,MainActivity,onEnd,3,1,0
.,com.sismics.reader.activity,MainActivity,onCreate,52,4,1
.,com.sismics.reader.activity,MainActivity,onItemClick,3,1,4
.,com.sismics.reader.activity,MainActivity,onDrawerOpened,4,1,1
.,com.sismics.reader.activity,MainActivity,onDrawerClosed,4,1,1
.,com.sismics.reader.activity,MainActivity,onRefresh,3,1,0
.,com.sismics.reader.activity,MainActivity,onCreateOptionsMenu,9,1,1
.,com.sismics.reader.activity,MainActivity,onPrepareOptionsMenu,7,2,1
.,com.sismics.reader.activity,MainActivity,onOptionsItemSelected,65,10,1
.,com.sismics.reader.activity,MainActivity,onFinish,5,1,0
.,com.sismics.reader.activity,MainActivity,onClick,13,2,2
.,com.sismics.reader.activity,MainActivity,onFinish,6,2,0
.,com.sismics.reader.activity,MainActivity,onClick,3,1,2
.,com.sismics.reader.activity,MainActivity,onSubscriptionAdded,3,1,1
.,com.sismics.reader.activity,MainActivity,selectItem,38,9,3
.,com.sismics.reader.activity,MainActivity,refreshSubscriptions,44,7,2
.,com.sismics.reader.activity,MainActivity,onSuccess,20,4,1
.,com.sismics.reader.activity,MainActivity,onFailure,7,2,4
.,com.sismics.reader.activity,MainActivity,onPostCreate,6,2,1
.,com.sismics.reader.activity,MainActivity,onConfigurationChanged,6,2,1
.,com.sismics.reader.activity,MainActivity,onSaveInstanceState,4,1,1
.,com.sismics.reader.activity,MainActivity,isActivityDestroyed,3,1,0
.,com.sismics.reader.activity,MainActivity,onDestroy,5,1,0
.,com.sismics.reader.activity,MainActivity,onNewIntent,4,1,1
.,com.sismics.reader.activity,MainActivity,handleIntent,21,3,1
.,com.sismics.reader.activity,MainActivity,onActivityResult,6,2,3
.,com.sismics.reader.activity,LoginActivity,onCreate,70,3,1
.,com.sismics.reader.activity,LoginActivity,onComplete,3,1,0
.,com.sismics.reader.activity,LoginActivity,onClick,37,2,1
.,com.sismics.reader.activity,LoginActivity,onSuccess,11,1,1
.,com.sismics.reader.activity,LoginActivity,onComplete,5,1,0
.,com.sismics.reader.activity,LoginActivity,onFailure,10,2,4
.,com.sismics.reader.activity,LoginActivity,tryConnect,35,4,0
.,com.sismics.reader.activity,LoginActivity,onSuccess,10,2,1
.,com.sismics.reader.activity,LoginActivity,onFailure,4,1,4
.,com.sismics.reader.activity,LoginActivity,onFinish,3,1,0
.,com.sismics.reader.util,PreferenceUtil,getBooleanPreference,4,1,3
.,com.sismics.reader.util,PreferenceUtil,getStringPreference,4,1,2
.,com.sismics.reader.util,PreferenceUtil,getIntegerPreference,15,1,3
.,com.sismics.reader.util,PreferenceUtil,setCachedJson,4,1,3
.,com.sismics.reader.util,PreferenceUtil,getCachedJson,9,1,2
.,com.sismics.reader.util,PreferenceUtil,setServerUrl,4,1,2
.,com.sismics.reader.util,PreferenceUtil,resetUserCache,6,1,1
.,com.sismics.reader.util,PreferenceUtil,getAuthToken,10,3,1
.,com.sismics.reader.util,PreferenceUtil,getServerUrl,17,5,1
.,com.sismics.reader.util,ApplicationUtil,getVersionName,9,1,1
.,com.sismics.reader.util,ApplicationUtil,getVersionCode,9,1,1
.,com.sismics.reader.ui.widget,ArticleScrollView,ArticleScrollView,3,1,1
.,com.sismics.reader.ui.widget,ArticleScrollView,ArticleScrollView,3,1,2
.,com.sismics.reader.ui.widget,ArticleScrollView,ArticleScrollView,3,1,3
.,com.sismics.reader.ui.widget,ArticleScrollView,onScrollChanged,19,5,4
.,com.sismics.reader.ui.widget,ArticleScrollView,setOnScrollChangedListener,3,1,1
.,com.sismics.reader.ui.widget,ArticleScrollView,getDeadHeight,0,1,0
.,com.sismics.reader.ui.widget,ArticleScrollView,onScrollUp,0,1,0
.,com.sismics.reader.ui.widget,ArticleScrollView,onScrollDown,0,1,0
.,com.sismics.reader.ui.widget,OnScrollChangedListener,getDeadHeight,0,1,0
.,com.sismics.reader.ui.widget,OnScrollChangedListener,onScrollUp,0,1,0
.,com.sismics.reader.ui.widget,OnScrollChangedListener,onScrollDown,0,1,0
.,com.sismics.reader.ui.widget,ArticlesSwipeRefreshLayout,ArticlesSwipeRefreshLayout,3,1,1
.,com.sismics.reader.ui.widget,ArticlesSwipeRefreshLayout,ArticlesSwipeRefreshLayout,3,1,2
.,com.sismics.reader.ui.widget,ArticlesSwipeRefreshLayout,canChildScrollUp,4,1,0
.,com.sismics.reader.ui.form.validator,ValidatorType,validate,0,1,1
.,com.sismics.reader.ui.form.validator,ValidatorType,getErrorMessage,0,1,1
.,com.sismics.reader.ui.form.validator,Required,validate,3,1,1
.,com.sismics.reader.ui.form.validator,Required,getErrorMessage,3,1,1
.,com.sismics.reader.ui.form.validator,Length,Length,4,1,2
.,com.sismics.reader.ui.form.validator,Length,validate,4,1,1
.,com.sismics.reader.ui.form.validator,Length,getErrorMessage,6,2,1
.,com.sismics.reader.ui.form.validator,Alphanumeric,validate,3,1,1
.,com.sismics.reader.ui.form.validator,Alphanumeric,getErrorMessage,3,1,1
.,com.sismics.reader.ui.form.validator,Email,validate,3,1,1
.,com.sismics.reader.ui.form.validator,Email,getErrorMessage,3,1,1
.,com.sismics.reader.ui.form,Validable,getView,3,1,0
.,com.sismics.reader.ui.form,Validable,setView,3,1,1
.,com.sismics.reader.ui.form,Validable,isValidated,3,1,0
.,com.sismics.reader.ui.form,Validable,setValidated,3,1,1
.,com.sismics.reader.ui.form,Validator,Validator,3,1,1
.,com.sismics.reader.ui.form,Validator,setOnValidationChanged,4,1,1
.,com.sismics.reader.ui.form,Validator,addValidable,29,6,3
.,com.sismics.reader.ui.form,Validator,onTextChanged,2,1,4
.,com.sismics.reader.ui.form,Validator,beforeTextChanged,2,1,4
.,com.sismics.reader.ui.form,Validator,afterTextChanged,18,6,1
.,com.sismics.reader.ui.form,Validator,isValidated,3,1,1
.,com.sismics.reader.ui.form,Validator,isValidated,8,3,0
.,com.sismics.reader.ui.adapter,ArticlesAdapter,ArticlesAdapter,5,1,1
.,com.sismics.reader.ui.adapter,ArticlesAdapter,getView,39,4,3
.,com.sismics.reader.ui.adapter,ArticlesAdapter,getCount,3,1,0
.,com.sismics.reader.ui.adapter,ArticlesAdapter,getItem,3,1,1
.,com.sismics.reader.ui.adapter,ArticlesAdapter,getItemId,3,1,1
.,com.sismics.reader.ui.adapter,CategoryAdapter,CategoryAdapter,6,1,2
.,com.sismics.reader.ui.adapter,CategoryAdapter,getView,50,5,3
.,com.sismics.reader.ui.adapter,CategoryAdapter,onClick,36,4,1
.,com.sismics.reader.ui.adapter,CategoryAdapter,onMenuItemClick,28,4,1
.,com.sismics.reader.ui.adapter,CategoryAdapter,onClick,3,1,2
.,com.sismics.reader.ui.adapter,CategoryAdapter,onClick,2,1,2
.,com.sismics.reader.ui.adapter,CategoryAdapter,getCount,3,1,0
.,com.sismics.reader.ui.adapter,CategoryAdapter,getItem,8,1,1
.,com.sismics.reader.ui.adapter,CategoryAdapter,getItemId,3,1,1
.,com.sismics.reader.ui.adapter,CategoryAdapter,hasStableIds,3,1,0
.,com.sismics.reader.ui.adapter,CategoryAdapter,move,10,2,2
.,com.sismics.reader.ui.adapter,CategoryAdapter,delete,20,2,1
.,com.sismics.reader.ui.adapter,CategoryAdapter,onClick,10,2,2
.,com.sismics.reader.ui.adapter,CategoryAdapter,onClick,3,1,2
.,com.sismics.reader.ui.adapter,CategoryAdapter,add,9,1,1
.,com.sismics.reader.ui.adapter,CategoryAdapter,rename,10,2,2
.,com.sismics.reader.ui.adapter,CategoryAdapter,getStates,3,1,0
.,com.sismics.reader.ui.adapter,CategoryAdapter,clearStates,3,1,0
.,com.sismics.reader.ui.adapter,CategoryAdapter,updateCategoryId,7,3,2
.,com.sismics.reader.ui.adapter,CategoryAdapter,getId,3,1,0
.,com.sismics.reader.ui.adapter,CategoryAdapter,setId,3,1,1
.,com.sismics.reader.ui.adapter,CategoryAdapter,getName,3,1,0
.,com.sismics.reader.ui.adapter,CategoryAdapter,setName,3,1,1
.,com.sismics.reader.ui.adapter,CategoryAdapter,State,6,1,4
.,com.sismics.reader.ui.adapter,CategoryAdapter,getId,3,1,0
.,com.sismics.reader.ui.adapter,CategoryAdapter,setId,3,1,1
.,com.sismics.reader.ui.adapter,CategoryAdapter,getName,3,1,0
.,com.sismics.reader.ui.adapter,CategoryAdapter,getType,3,1,0
.,com.sismics.reader.ui.adapter,CategoryAdapter,getPosition,3,1,0
.,com.sismics.reader.ui.adapter,Category,getId,3,1,0
.,com.sismics.reader.ui.adapter,Category,setId,3,1,1
.,com.sismics.reader.ui.adapter,Category,getName,3,1,0
.,com.sismics.reader.ui.adapter,Category,setName,3,1,1
.,com.sismics.reader.ui.adapter,State,State,6,1,4
.,com.sismics.reader.ui.adapter,State,getId,3,1,0
.,com.sismics.reader.ui.adapter,State,setId,3,1,1
.,com.sismics.reader.ui.adapter,State,getName,3,1,0
.,com.sismics.reader.ui.adapter,State,getType,3,1,0
.,com.sismics.reader.ui.adapter,State,getPosition,3,1,0
.,com.sismics.reader.ui.adapter,ArticlesPagerAdapter,ArticlesPagerAdapter,3,1,1
.,com.sismics.reader.ui.adapter,ArticlesPagerAdapter,getItem,4,1,1
.,com.sismics.reader.ui.adapter,ArticlesPagerAdapter,getCount,3,1,0
.,com.sismics.reader.ui.adapter,ArticlesPagerAdapter,getItemPosition,3,1,1
.,com.sismics.reader.ui.adapter,SharedArticlesAdapterHelper,getInstance,6,2,0
.,com.sismics.reader.ui.adapter,SharedArticlesAdapterHelper,getArticleItems,3,1,0
.,com.sismics.reader.ui.adapter,SharedArticlesAdapterHelper,addAdapter,8,3,2
.,com.sismics.reader.ui.adapter,SharedArticlesAdapterHelper,removeAdapter,8,3,2
.,com.sismics.reader.ui.adapter,SharedArticlesAdapterHelper,onDataChanged,10,4,0
.,com.sismics.reader.ui.adapter,SharedArticlesAdapterHelper,restart,11,2,2
.,com.sismics.reader.ui.adapter,SharedArticlesAdapterHelper,getUrl,3,1,0
.,com.sismics.reader.ui.adapter,SharedArticlesAdapterHelper,load,54,9,1
.,com.sismics.reader.ui.adapter,SharedArticlesAdapterHelper,onSuccess,29,5,1
.,com.sismics.reader.ui.adapter,SharedArticlesAdapterHelper,onFailure,7,2,4
.,com.sismics.reader.ui.adapter,SharedArticlesAdapterHelper,isFullyLoaded,3,1,0
.,com.sismics.reader.ui.adapter,SubscriptionAdapter,SubscriptionAdapter,6,1,2
.,com.sismics.reader.ui.adapter,SubscriptionAdapter,getView,43,11,3
.,com.sismics.reader.ui.adapter,SubscriptionAdapter,getCount,3,1,0
.,com.sismics.reader.ui.adapter,SubscriptionAdapter,getItemViewType,3,1,1
.,com.sismics.reader.ui.adapter,SubscriptionAdapter,getViewTypeCount,3,1,0
.,com.sismics.reader.ui.adapter,SubscriptionAdapter,getItem,8,1,1
.,com.sismics.reader.ui.adapter,SubscriptionAdapter,getItemId,3,1,1
.,com.sismics.reader.ui.adapter,SubscriptionAdapter,isEnabled,4,1,1
.,com.sismics.reader.ui.adapter,SubscriptionAdapter,setItems,71,7,1
.,com.sismics.reader.ui.adapter,SubscriptionItem,getType,3,1,0
.,com.sismics.reader.ui.adapter,SubscriptionItem,getId,3,1,0
.,com.sismics.reader.ui.adapter,SubscriptionItem,getTitle,3,1,0
.,com.sismics.reader.ui.adapter,SubscriptionItem,getUrl,3,1,0
.,com.sismics.reader.ui.adapter,SubscriptionItem,isUnread,3,1,0
.,com.sismics.reader.ui.adapter,SubscriptionItem,isRoot,3,1,0
.,com.sismics.reader.ui.adapter,SubscriptionItem,getUnreadCount,3,1,0
.,com.sismics.reader.ui.adapter,SubscriptionItem,setType,3,1,1
.,com.sismics.reader.ui.adapter,SubscriptionItem,setId,3,1,1
.,com.sismics.reader.ui.adapter,SubscriptionItem,setTitle,3,1,1
.,com.sismics.reader.ui.adapter,SubscriptionItem,setUrl,3,1,1
.,com.sismics.reader.ui.adapter,SubscriptionItem,setUnreadCount,3,1,1
.,com.sismics.reader.ui.adapter,SubscriptionItem,setUnread,3,1,1
.,com.sismics.reader.ui.adapter,SubscriptionItem,setRoot,3,1,1
.,com.sismics.reader.model.application,ApplicationContext,ApplicationContext,2,1,0
.,com.sismics.reader.model.application,ApplicationContext,getInstance,6,2,0
.,com.sismics.reader.model.application,ApplicationContext,isLoggedIn,3,1,0
.,com.sismics.reader.model.application,ApplicationContext,getUserInfo,3,1,0
.,com.sismics.reader.model.application,ApplicationContext,setUserInfo,4,1,2
.,com.sismics.reader.model.application,ApplicationContext,fetchUserInfo,15,3,2
.,com.sismics.reader.model.application,ApplicationContext,onSuccess,5,2,1
.,com.sismics.reader.model.application,ApplicationContext,onFinish,5,2,0
.,com.sismics.reader.fragment,SettingsFragment,onCreate,20,1,1
.,com.sismics.reader.fragment,SettingsFragment,onPreferenceClick,6,1,1
.,com.sismics.reader.fragment,SettingsFragment,onResume,4,1,0
.,com.sismics.reader.fragment,SettingsFragment,onPause,4,1,0
.,com.sismics.reader.fragment,SettingsFragment,onSharedPreferenceChanged,7,2,2
.,com.sismics.reader.fragment,ArticlesDefaultFragment,onCreateView,7,1,3
.,com.sismics.reader.fragment,ArticlesDefaultFragment,onSubscriptionError,5,1,0
.,com.sismics.reader.fragment,ArticlesFragment,onStart,2,1,0
.,com.sismics.reader.fragment,ArticlesFragment,onSuccess,11,3,0
.,com.sismics.reader.fragment,ArticlesFragment,onError,3,1,0
.,com.sismics.reader.fragment,ArticlesFragment,onEnd,12,2,0
.,com.sismics.reader.fragment,ArticlesFragment,onCreateView,37,4,3
.,com.sismics.reader.fragment,ArticlesFragment,onClick,19,2,1
.,com.sismics.reader.fragment,ArticlesFragment,onAnimationStart,3,1,1
.,com.sismics.reader.fragment,ArticlesFragment,onAnimationEnd,3,1,1
.,com.sismics.reader.fragment,ArticlesFragment,onAnimationRepeat,2,1,1
.,com.sismics.reader.fragment,ArticlesFragment,initFragment,118,13,5
.,com.sismics.reader.fragment,ArticlesFragment,onScrollStateChanged,2,1,2
.,com.sismics.reader.fragment,ArticlesFragment,onScroll,5,2,4
.,com.sismics.reader.fragment,ArticlesFragment,onItemClick,9,1,4
.,com.sismics.reader.fragment,ArticlesFragment,onItemCheckedStateChanged,3,1,4
.,com.sismics.reader.fragment,ArticlesFragment,onCreateActionMode,5,1,2
.,com.sismics.reader.fragment,ArticlesFragment,onPrepareActionMode,3,1,2
.,com.sismics.reader.fragment,ArticlesFragment,onActionItemClicked,66,11,2
.,com.sismics.reader.fragment,ArticlesFragment,onSuccess,11,2,1
.,com.sismics.reader.fragment,ArticlesFragment,onSuccess,11,2,1
.,com.sismics.reader.fragment,ArticlesFragment,onDestroyActionMode,2,1,1
.,com.sismics.reader.fragment,ArticlesFragment,onActivityResult,7,2,3
.,com.sismics.reader.fragment,ArticlesFragment,onDestroyView,5,1,0
.,com.sismics.reader.fragment,ArticleFragment,newInstance,7,1,1
.,com.sismics.reader.fragment,ArticleFragment,onCreateView,57,5,3
.,com.sismics.reader.fragment,ArticleFragment,onClick,4,1,1
.,com.sismics.reader.fragment,ArticleFragment,onClick,3,1,1
.,com.sismics.reader.fragment,ArticleFragment,zoomImageFromThumb,81,5,1
.,com.sismics.reader.fragment,ArticleFragment,onAnimationEnd,3,1,1
.,com.sismics.reader.fragment,ArticleFragment,onAnimationCancel,3,1,1
.,com.sismics.reader.fragment,ArticleFragment,onClick,25,2,1
.,com.sismics.reader.fragment,ArticleFragment,onAnimationEnd,5,1,1
.,com.sismics.reader.fragment,ArticleFragment,onAnimationCancel,6,1,1
.,com.sismics.reader.fragment,AddSubscriptionDialogFragment,onSubscriptionAdded,0,1,1
.,com.sismics.reader.fragment,AddSubscriptionDialogFragment,setAddSubscriptionDialogListener,3,1,1
.,com.sismics.reader.fragment,AddSubscriptionDialogFragment,onCreateDialog,8,1,1
.,com.sismics.reader.fragment,AddSubscriptionDialogFragment,show,35,3,2
.,com.sismics.reader.fragment,AddSubscriptionDialogFragment,onClick,27,3,1
.,com.sismics.reader.fragment,AddSubscriptionDialogFragment,onSuccess,7,2,1
.,com.sismics.reader.fragment,AddSubscriptionDialogFragment,onFailure,3,1,4
.,com.sismics.reader.fragment,AddSubscriptionDialogFragment,onFinish,4,1,0
.,com.sismics.reader.fragment,AddSubscriptionDialogFragment,onDismiss,4,1,1
.,com.sismics.reader.fragment,AddSubscriptionDialogListener,onSubscriptionAdded,0,1,1
.,com.sismics.reader.listener,CallbackListener,onComplete,0,1,0
.,com.sismics.reader.listener,ArticlesHelperListener,onStart,0,1,0
.,com.sismics.reader.listener,ArticlesHelperListener,onSuccess,0,1,0
.,com.sismics.reader.listener,ArticlesHelperListener,onError,0,1,0
.,com.sismics.reader.listener,ArticlesHelperListener,onEnd,0,1,0
.,com.sismics.reader.resource,CategoryResource,add,6,1,3
.,com.sismics.reader.resource,CategoryResource,list,5,1,2
.,com.sismics.reader.resource,CategoryResource,delete,4,1,3
.,com.sismics.reader.resource,CategoryResource,update,11,3,5
.,com.sismics.reader.resource,CategoryResource,cancel,3,1,1
.,com.sismics.reader.resource,SubscriptionResource,add,6,1,3
.,com.sismics.reader.resource,SubscriptionResource,list,6,1,3
.,com.sismics.reader.resource,SubscriptionResource,feed,11,2,7
.,com.sismics.reader.resource,SubscriptionResource,read,5,1,3
.,com.sismics.reader.resource,SubscriptionResource,cancel,3,1,1
.,com.sismics.reader.resource,ArticleResource,readMultiple,6,1,3
.,com.sismics.reader.resource,ArticleResource,unreadMultiple,6,1,3
.,com.sismics.reader.resource,ArticleResource,unread,5,1,3
.,com.sismics.reader.resource,StarredResource,star,9,2,4
.,com.sismics.reader.resource,StarredResource,starMultiple,6,1,3
.,com.sismics.reader.resource,StarredResource,unstarMultiple,6,1,3
.,com.sismics.reader.resource,UserResource,login,8,1,4
.,com.sismics.reader.resource,UserResource,info,5,1,2
.,com.sismics.reader.resource,UserResource,logout,5,1,2
.,com.sismics.reader.resource,BaseResource,init,13,3,1
.,com.sismics.reader.resource,BaseResource,MySSLSocketFactory,14,1,1
.,com.sismics.reader.resource,BaseResource,checkClientTrusted,2,1,2
.,com.sismics.reader.resource,BaseResource,checkServerTrusted,2,1,2
.,com.sismics.reader.resource,BaseResource,getAcceptedIssuers,3,1,0
.,com.sismics.reader.resource,BaseResource,createSocket,3,1,4
.,com.sismics.reader.resource,BaseResource,createSocket,3,1,0
.,com.sismics.reader.resource,BaseResource,getApiUrl,7,2,1
.,com.sismics.reader.resource,MySSLSocketFactory,MySSLSocketFactory,14,1,1
.,com.sismics.reader.resource,MySSLSocketFactory,checkClientTrusted,2,1,2
.,com.sismics.reader.resource,MySSLSocketFactory,checkServerTrusted,2,1,2
.,com.sismics.reader.resource,MySSLSocketFactory,getAcceptedIssuers,3,1,0
.,com.sismics.reader.resource,MySSLSocketFactory,createSocket,3,1,4
.,com.sismics.reader.resource,MySSLSocketFactory,createSocket,3,1,0
.,com.sismics.android.util,DialogUtil,showOkDialog,12,2,3
.,com.sismics.android.util,DialogUtil,onClick,3,1,2
.,com.sismics.android,Log,d,5,2,2
.,com.sismics.android,Log,w,5,2,2
.,com.sismics.android,Log,e,5,2,3
.,com.sismics.android,Log,e,5,2,2
.,com.sismics.reader.rest.assembler,ArticleAssembler,asJson,25,2,1
.,com.sismics.reader.rest.dao,ThemeDao,findAll,25,8,1
.,com.sismics.reader.rest.resource,CategoryResource,list,23,3,0
.,com.sismics.reader.rest.resource,CategoryResource,get,37,6,4
.,com.sismics.reader.rest.resource,CategoryResource,add,18,2,1
.,com.sismics.reader.rest.resource,CategoryResource,delete,24,3,1
.,com.sismics.reader.rest.resource,CategoryResource,read,21,3,1
.,com.sismics.reader.rest.resource,CategoryResource,update,27,5,4
.,com.sismics.reader.rest.resource,SubscriptionResource,list,74,10,1
.,com.sismics.reader.rest.resource,SubscriptionResource,get,43,6,4
.,com.sismics.reader.rest.resource,SubscriptionResource,getSynchronization,26,4,1
.,com.sismics.reader.rest.resource,SubscriptionResource,add,43,4,2
.,com.sismics.reader.rest.resource,SubscriptionResource,update,31,6,4
.,com.sismics.reader.rest.resource,SubscriptionResource,favicon,15,3,1
.,com.sismics.reader.rest.resource,SubscriptionResource,read,16,3,1
.,com.sismics.reader.rest.resource,SubscriptionResource,delete,14,3,1
.,com.sismics.reader.rest.resource,SubscriptionResource,importFile,32,3,1
.,com.sismics.reader.rest.resource,SubscriptionResource,export,58,5,0
.,com.sismics.reader.rest.resource,TextPlainMessageBodyWriter,isWriteable,3,1,4
.,com.sismics.reader.rest.resource,TextPlainMessageBodyWriter,getSize,3,1,5
.,com.sismics.reader.rest.resource,TextPlainMessageBodyWriter,writeTo,10,1,7
.,com.sismics.reader.rest.resource,AppResource,version,11,1,0
.,com.sismics.reader.rest.resource,AppResource,log,28,4,5
.,com.sismics.reader.rest.resource,AppResource,batchReindex,15,2,0
.,com.sismics.reader.rest.resource,AppResource,mapPort,12,3,0
.,com.sismics.reader.rest.resource,ArticleResource,read,22,5,1
.,com.sismics.reader.rest.resource,ArticleResource,readMultiple,24,6,1
.,com.sismics.reader.rest.resource,ArticleResource,unread,22,5,1
.,com.sismics.reader.rest.resource,ArticleResource,unreadMultiple,24,6,1
.,com.sismics.reader.rest.resource,AllResource,get,26,5,3
.,com.sismics.reader.rest.resource,AllResource,read,14,3,0
.,com.sismics.reader.rest.resource,StarredResource,get,26,5,2
.,com.sismics.reader.rest.resource,StarredResource,star,18,4,1
.,com.sismics.reader.rest.resource,StarredResource,unstar,18,4,1
.,com.sismics.reader.rest.resource,StarredResource,starMultiple,17,4,1
.,com.sismics.reader.rest.resource,StarredResource,unstarMultiple,17,4,1
.,com.sismics.reader.rest.resource,UserResource,register,49,4,4
.,com.sismics.reader.rest.resource,UserResource,update,51,13,10
.,com.sismics.reader.rest.resource,UserResource,update,51,12,10
.,com.sismics.reader.rest.resource,UserResource,checkUsername,13,2,1
.,com.sismics.reader.rest.resource,UserResource,login,19,2,3
.,com.sismics.reader.rest.resource,UserResource,logout,30,7,0
.,com.sismics.reader.rest.resource,UserResource,delete,13,3,0
.,com.sismics.reader.rest.resource,UserResource,delete,20,4,1
.,com.sismics.reader.rest.resource,UserResource,info,77,11,0
.,com.sismics.reader.rest.resource,UserResource,view,17,3,1
.,com.sismics.reader.rest.resource,UserResource,list,23,3,4
.,com.sismics.reader.rest.resource,SearchResource,get,22,3,3
.,com.sismics.reader.rest.resource,BaseResource,authenticate,10,2,0
.,com.sismics.reader.rest.resource,BaseResource,checkBaseFunction,5,2,1
.,com.sismics.reader.rest.resource,BaseResource,hasBaseFunction,7,2,1
.,com.sismics.reader.rest.resource,LocaleResource,list,13,2,0
.,com.sismics.reader.rest.resource,ThemeResource,list,19,2,0
.,com.sismics.reader.rest.resource,JobResource,delete,17,4,1
